-- MySQL dump 10.13  Distrib 8.0.23, for osx10.16 (x86_64)
--
-- Host: localhost    Database: vk
-- ------------------------------------------------------
-- Server version	8.0.23

/*!40101 SET @OLD_CHARACTER_SET_CLIENT=@@CHARACTER_SET_CLIENT */;
/*!40101 SET @OLD_CHARACTER_SET_RESULTS=@@CHARACTER_SET_RESULTS */;
/*!40101 SET @OLD_COLLATION_CONNECTION=@@COLLATION_CONNECTION */;
/*!50503 SET NAMES utf8mb4 */;
/*!40103 SET @OLD_TIME_ZONE=@@TIME_ZONE */;
/*!40103 SET TIME_ZONE='+00:00' */;
/*!40014 SET @OLD_UNIQUE_CHECKS=@@UNIQUE_CHECKS, UNIQUE_CHECKS=0 */;
/*!40014 SET @OLD_FOREIGN_KEY_CHECKS=@@FOREIGN_KEY_CHECKS, FOREIGN_KEY_CHECKS=0 */;
/*!40101 SET @OLD_SQL_MODE=@@SQL_MODE, SQL_MODE='NO_AUTO_VALUE_ON_ZERO' */;
/*!40111 SET @OLD_SQL_NOTES=@@SQL_NOTES, SQL_NOTES=0 */;

--
-- Table structure for table `communities`
--

DROP TABLE IF EXISTS `communities`;
/*!40101 SET @saved_cs_client     = @@character_set_client */;
/*!50503 SET character_set_client = utf8mb4 */;
CREATE TABLE `communities` (
  `id` int unsigned NOT NULL AUTO_INCREMENT COMMENT 'Идентификатор сроки',
  `name` varchar(150) CHARACTER SET utf8mb4 COLLATE utf8mb4_unicode_ci NOT NULL COMMENT 'Название группы',
  `created_at` datetime DEFAULT CURRENT_TIMESTAMP COMMENT 'Время создания строки',
  `updated_at` datetime DEFAULT CURRENT_TIMESTAMP ON UPDATE CURRENT_TIMESTAMP COMMENT 'Время обновления строки',
  PRIMARY KEY (`id`),
  UNIQUE KEY `name` (`name`)
) ENGINE=InnoDB AUTO_INCREMENT=101 DEFAULT CHARSET=utf8mb4 COLLATE=utf8mb4_unicode_ci COMMENT='Группы';
/*!40101 SET character_set_client = @saved_cs_client */;

--
-- Dumping data for table `communities`
--

LOCK TABLES `communities` WRITE;
/*!40000 ALTER TABLE `communities` DISABLE KEYS */;
INSERT INTO `communities` VALUES (1,'voluptatem','2010-04-16 00:44:25','2014-05-15 18:34:10'),(2,'similique','2009-11-19 07:38:26','2007-11-27 14:13:46'),(3,'officiis','1982-08-28 10:31:58','1983-03-30 20:14:05'),(4,'velit','1990-03-07 05:09:21','2007-12-27 11:18:42'),(5,'nobis','1987-10-26 04:59:37','2010-09-07 14:07:38'),(6,'rerum','2002-01-31 14:57:32','2007-01-28 09:36:17'),(7,'quod','1992-07-17 13:37:33','2012-12-02 17:02:43'),(8,'aut','1989-01-02 04:16:02','2012-07-08 14:03:43'),(9,'in','2020-08-04 06:11:04','1985-10-28 02:06:51'),(10,'exercitationem','2001-08-16 10:08:07','1987-07-27 15:01:09'),(11,'architecto','1996-06-11 17:14:41','1990-02-26 03:15:07'),(12,'non','1994-03-09 12:37:42','1985-03-21 14:46:17'),(13,'ipsa','1974-08-05 12:59:45','1990-02-26 07:50:58'),(14,'facere','2011-01-19 08:57:29','2019-11-29 11:28:40'),(15,'sit','1983-06-13 00:51:11','2006-09-27 11:19:13'),(16,'enim','2008-12-18 09:23:49','1977-02-20 21:43:30'),(17,'eos','2005-08-28 02:46:42','2018-12-03 20:58:14'),(18,'temporibus','2017-08-23 23:42:36','1972-02-01 05:12:28'),(19,'et','1983-04-20 08:02:18','1977-11-18 01:31:19'),(20,'occaecati','1973-01-24 06:26:59','1985-06-13 02:56:09'),(21,'quia','2000-11-03 23:28:51','2012-04-07 10:10:44'),(22,'ad','1996-09-08 02:01:24','1985-10-09 07:19:26'),(23,'consequatur','1976-05-08 21:52:16','1979-03-14 21:26:36'),(24,'dolorum','2019-01-24 02:42:00','1980-07-03 18:27:09'),(25,'beatae','1990-05-29 15:34:08','1970-02-22 14:00:47'),(26,'odio','1987-12-09 18:15:38','1997-10-25 04:19:00'),(27,'a','1976-07-02 06:34:53','2000-08-28 08:18:25'),(28,'laborum','1996-06-17 12:36:54','1970-08-26 13:21:57'),(29,'corporis','2017-03-20 02:19:32','1981-04-18 22:18:46'),(30,'placeat','1973-08-26 19:43:03','2002-10-28 21:21:05'),(31,'nesciunt','1984-09-05 12:13:53','2002-04-03 02:53:32'),(32,'dolores','2003-06-20 17:22:42','2016-01-27 07:34:05'),(33,'excepturi','2007-12-27 07:51:22','1996-10-16 05:57:14'),(34,'ab','1982-11-29 12:28:45','2016-10-23 09:03:23'),(35,'maxime','1975-09-21 06:09:58','1973-09-14 08:29:13'),(36,'aspernatur','2010-12-31 15:32:38','2020-01-30 01:55:17'),(37,'inventore','1975-09-20 21:05:08','1984-09-23 18:41:39'),(38,'autem','1988-05-30 06:18:11','2008-11-13 16:46:39'),(39,'adipisci','1975-06-09 05:17:45','1973-11-20 21:51:17'),(40,'sint','1988-04-23 06:40:54','2008-02-19 07:51:29'),(41,'minus','1984-02-10 04:23:36','2020-11-04 00:08:19'),(42,'optio','1980-12-10 22:38:29','2009-10-30 14:17:33'),(43,'quisquam','2002-12-20 06:52:12','2003-11-07 08:39:15'),(44,'aperiam','2003-06-22 01:05:20','2016-09-15 07:58:06'),(45,'impedit','1976-04-10 10:38:18','1981-12-15 08:10:29'),(46,'iste','1971-05-30 02:53:00','1974-09-24 15:33:53'),(47,'veritatis','1981-02-14 06:16:30','2020-05-06 03:01:46'),(48,'eum','1993-04-01 14:00:26','1996-01-24 09:32:08'),(49,'cumque','2015-11-02 04:51:48','2015-10-14 11:22:45'),(50,'saepe','1970-05-30 04:55:20','1983-09-16 11:28:04'),(51,'perferendis','1978-08-15 13:41:32','1984-11-15 18:37:19'),(52,'itaque','2008-10-02 21:10:24','1987-02-27 11:21:22'),(53,'illum','2008-03-16 12:25:04','1984-07-06 07:56:37'),(54,'qui','1971-12-23 22:56:20','2001-05-27 22:53:39'),(55,'eligendi','2000-08-28 13:19:22','1984-10-26 19:53:35'),(56,'ullam','2019-05-04 12:48:39','2005-04-20 04:42:02'),(57,'id','2002-10-11 14:24:43','1975-08-30 06:23:46'),(58,'distinctio','1994-05-23 09:32:18','2006-06-22 16:24:14'),(59,'ea','2012-10-19 00:19:35','1980-04-22 13:48:55'),(60,'repudiandae','1979-01-18 09:45:56','1984-01-24 01:06:03'),(61,'quaerat','1972-03-01 13:48:12','2002-05-03 20:19:44'),(62,'ut','2014-01-09 07:26:13','2015-03-13 17:13:49'),(63,'expedita','1995-06-13 00:31:48','2011-02-20 12:22:09'),(64,'facilis','2002-06-16 00:46:13','1985-10-14 23:08:45'),(65,'est','1983-10-28 18:31:19','2016-12-17 04:23:39'),(66,'vel','1974-10-18 18:40:17','2011-10-11 21:36:54'),(67,'fuga','2008-08-06 04:16:48','2021-02-19 23:58:07'),(68,'aliquid','1981-03-05 18:40:57','2018-03-07 09:55:53'),(69,'ratione','2004-11-08 04:20:31','2004-11-24 02:40:51'),(70,'repellat','2006-10-20 19:05:09','2016-05-30 21:42:43'),(71,'nulla','1998-08-04 06:10:05','2003-10-07 07:05:11'),(72,'dolorem','2012-12-20 13:59:13','2011-03-12 22:30:50'),(73,'ipsum','1985-01-13 02:09:35','2006-09-16 17:58:56'),(74,'repellendus','1977-06-16 15:50:48','2017-02-08 12:18:12'),(75,'libero','1987-01-05 21:19:44','2008-03-11 02:54:45'),(76,'deleniti','1985-11-27 03:34:05','2015-09-30 00:43:06'),(77,'tenetur','1998-11-15 22:22:11','2002-07-14 13:39:24'),(78,'sunt','1988-07-17 11:03:27','1983-11-09 20:25:22'),(79,'omnis','2000-01-11 21:05:54','2005-07-05 16:05:30'),(80,'assumenda','2000-10-02 02:43:53','1975-06-23 19:59:27'),(81,'quibusdam','2009-04-19 07:49:24','2015-09-24 12:29:19'),(82,'quae','2006-02-05 16:45:43','1981-07-27 21:57:13'),(83,'necessitatibus','2019-07-16 22:47:42','1986-12-31 20:35:04'),(84,'provident','1971-11-05 09:12:25','1983-12-04 23:46:35'),(85,'ducimus','2007-03-10 20:25:20','2011-12-30 05:12:59'),(86,'unde','2014-05-18 00:42:40','2006-06-06 20:05:06'),(87,'quo','1977-01-28 14:30:33','1987-12-13 13:31:32'),(88,'fugiat','2018-11-23 05:52:24','2000-08-08 01:37:37'),(89,'illo','2016-10-08 04:53:33','2020-08-27 02:15:35'),(90,'nam','1975-07-22 03:01:27','1970-05-26 21:13:52'),(91,'voluptates','1987-03-24 13:17:07','1988-12-02 03:12:02'),(92,'officia','1975-11-19 16:05:58','1992-06-03 08:10:06'),(93,'iusto','1994-01-06 14:03:10','2005-05-30 12:01:15'),(94,'debitis','2013-06-05 10:22:17','2011-01-11 18:44:23'),(95,'molestiae','1991-12-06 02:04:27','1997-09-24 06:55:23'),(96,'recusandae','2020-07-07 11:53:23','2012-09-16 20:53:56'),(97,'doloremque','2006-05-23 18:49:03','1975-10-10 20:33:45'),(98,'porro','1989-01-14 18:29:42','2007-07-09 21:45:26'),(99,'labore','1974-04-09 06:11:40','1979-04-29 19:52:28'),(100,'quis','1993-12-13 14:15:54','1990-12-14 10:43:56');
/*!40000 ALTER TABLE `communities` ENABLE KEYS */;
UNLOCK TABLES;

--
-- Table structure for table `communities_users`
--

DROP TABLE IF EXISTS `communities_users`;
/*!40101 SET @saved_cs_client     = @@character_set_client */;
/*!50503 SET character_set_client = utf8mb4 */;
CREATE TABLE `communities_users` (
  `community_id` int unsigned NOT NULL COMMENT 'Ссылка на группу',
  `user_id` int unsigned NOT NULL COMMENT 'Ссылка на пользователя',
  `created_at` datetime DEFAULT CURRENT_TIMESTAMP COMMENT 'Время создания строки',
  PRIMARY KEY (`community_id`,`user_id`) COMMENT 'Составной первичный ключ',
  KEY `user_id` (`user_id`),
  CONSTRAINT `communities_users_ibfk_1` FOREIGN KEY (`community_id`) REFERENCES `communities` (`id`),
  CONSTRAINT `communities_users_ibfk_2` FOREIGN KEY (`user_id`) REFERENCES `users` (`id`)
) ENGINE=InnoDB DEFAULT CHARSET=utf8mb4 COLLATE=utf8mb4_unicode_ci COMMENT='Участники групп, связь между пользователями и группами';
/*!40101 SET character_set_client = @saved_cs_client */;

--
-- Dumping data for table `communities_users`
--

LOCK TABLES `communities_users` WRITE;
/*!40000 ALTER TABLE `communities_users` DISABLE KEYS */;
INSERT INTO `communities_users` VALUES (1,1,'1992-07-27 14:17:53'),(2,2,'1999-05-30 17:54:04'),(3,3,'2002-06-22 01:53:04'),(4,4,'2013-03-31 04:37:49'),(5,5,'1997-08-22 22:28:07'),(6,6,'2018-12-19 05:20:45'),(7,7,'1985-01-30 12:25:26'),(8,8,'1995-05-18 08:30:45'),(9,9,'1994-08-31 12:08:51'),(10,10,'2020-02-06 12:13:45'),(11,11,'1972-10-01 05:29:22'),(12,12,'1984-02-17 00:57:14'),(13,13,'2020-06-18 10:57:50'),(14,14,'2010-12-10 01:59:41'),(15,15,'2020-04-12 07:23:36'),(16,16,'1979-09-16 22:36:53'),(17,17,'1982-07-20 19:52:50'),(18,18,'1985-07-12 06:58:34'),(19,19,'1981-09-22 07:19:47'),(20,20,'2005-10-29 21:26:59'),(21,21,'2014-12-23 01:53:38'),(22,22,'1991-05-31 16:01:28'),(23,23,'1970-05-25 07:17:26'),(24,24,'1984-03-03 19:10:32'),(25,25,'2009-10-21 11:25:27'),(26,26,'2004-01-07 13:13:40'),(27,27,'1972-10-20 15:05:01'),(28,28,'2014-05-04 00:57:44'),(29,29,'1991-05-01 18:39:31'),(30,30,'2012-04-26 05:43:05'),(31,31,'1991-05-12 16:29:27'),(32,32,'2010-05-10 21:10:57'),(33,33,'1994-07-01 11:01:30'),(34,34,'1991-02-12 21:45:39'),(35,35,'1985-06-25 14:12:44'),(36,36,'1982-04-22 11:41:36'),(37,37,'2014-02-15 09:06:18'),(38,38,'1983-03-09 03:26:21'),(39,39,'2011-08-29 05:11:48'),(40,40,'1974-08-04 22:40:14'),(41,41,'2020-07-03 16:38:24'),(42,42,'2017-04-25 22:41:08'),(43,43,'2020-07-11 04:12:54'),(44,44,'1971-01-30 05:53:14'),(45,45,'1981-11-10 10:01:45'),(46,46,'1987-02-11 06:53:16'),(47,47,'2020-10-06 14:34:14'),(48,48,'1997-08-09 02:32:33'),(49,49,'1979-11-21 09:37:29'),(50,50,'2007-12-17 11:52:39'),(51,51,'1981-11-09 10:42:39'),(52,52,'1985-12-29 09:35:31'),(53,53,'2018-08-15 18:43:28'),(54,54,'1978-04-02 03:19:45'),(55,55,'2009-10-19 18:14:11'),(56,56,'1975-07-09 23:33:27'),(57,57,'2008-12-02 01:36:26'),(58,58,'1994-12-14 18:29:26'),(59,59,'1987-12-09 06:23:03'),(60,60,'2000-12-02 12:46:05'),(61,61,'1998-06-09 11:02:01'),(62,62,'2011-12-25 02:45:41'),(63,63,'1973-12-05 04:51:47'),(64,64,'1974-02-26 17:10:35'),(65,65,'2007-06-23 21:52:04'),(66,66,'1999-01-20 01:28:25'),(67,67,'1988-08-26 19:03:05'),(68,68,'1998-01-08 17:00:45'),(69,69,'1992-11-04 16:33:18'),(70,70,'1984-10-11 02:44:24'),(71,71,'1985-07-31 16:59:23'),(72,72,'2020-10-26 11:03:35'),(73,73,'2004-04-11 02:52:36'),(74,74,'2013-08-12 16:01:06'),(75,75,'1983-03-23 19:36:14'),(76,76,'2005-09-02 02:26:47'),(77,77,'2006-11-02 08:36:13'),(78,78,'1979-06-03 11:43:57'),(79,79,'2016-08-18 17:02:08'),(80,80,'2000-10-01 15:58:40'),(81,81,'2014-11-30 12:41:34'),(82,82,'2019-03-01 14:49:27'),(83,83,'1999-12-12 00:24:15'),(84,84,'2010-11-26 11:03:40'),(85,85,'1997-08-29 20:20:38'),(86,86,'2015-08-03 18:14:04'),(87,87,'2009-12-23 14:46:06'),(88,88,'1993-03-19 20:09:33'),(89,89,'1996-06-15 00:16:32'),(90,90,'2000-04-23 14:47:13'),(91,91,'2011-07-03 21:43:24'),(92,92,'2008-06-01 17:45:11'),(93,93,'1985-07-25 22:15:18'),(94,94,'2012-04-21 19:42:30'),(95,95,'1987-11-11 08:42:42'),(96,96,'2020-04-10 14:53:12'),(97,97,'1991-11-03 01:50:18'),(98,98,'1971-07-15 14:09:51'),(99,99,'1990-03-09 09:10:50'),(100,100,'2008-06-20 14:37:34');
/*!40000 ALTER TABLE `communities_users` ENABLE KEYS */;
UNLOCK TABLES;

--
-- Table structure for table `friendship`
--

DROP TABLE IF EXISTS `friendship`;
/*!40101 SET @saved_cs_client     = @@character_set_client */;
/*!50503 SET character_set_client = utf8mb4 */;
CREATE TABLE `friendship` (
  `user_id` int unsigned NOT NULL COMMENT 'ССылка на инициатора дружеских отоношений',
  `friend_id` int unsigned NOT NULL COMMENT 'ССылка на получателя приглашения дружить',
  `status_id` int unsigned NOT NULL COMMENT 'ССылка на статус (текущее состояние) отношений',
  `requested_at` datetime DEFAULT CURRENT_TIMESTAMP COMMENT 'Время отправления приглашения дружить',
  `confirmed_at` datetime DEFAULT NULL COMMENT 'Время подтверждения приглашения',
  `created_at` datetime DEFAULT CURRENT_TIMESTAMP COMMENT 'Время создания строки',
  `updated_at` datetime DEFAULT CURRENT_TIMESTAMP ON UPDATE CURRENT_TIMESTAMP COMMENT 'Время обновления строки',
  PRIMARY KEY (`user_id`,`friend_id`) COMMENT 'Составной первичный ключ',
  KEY `friend_id` (`friend_id`),
  KEY `status_id` (`status_id`),
  CONSTRAINT `friendship_ibfk_1` FOREIGN KEY (`user_id`) REFERENCES `users` (`id`),
  CONSTRAINT `friendship_ibfk_2` FOREIGN KEY (`friend_id`) REFERENCES `users` (`id`),
  CONSTRAINT `friendship_ibfk_3` FOREIGN KEY (`status_id`) REFERENCES `friendship_statuses` (`id`)
) ENGINE=InnoDB DEFAULT CHARSET=utf8mb4 COLLATE=utf8mb4_unicode_ci;
/*!40101 SET character_set_client = @saved_cs_client */;

--
-- Dumping data for table `friendship`
--

LOCK TABLES `friendship` WRITE;
/*!40000 ALTER TABLE `friendship` DISABLE KEYS */;
INSERT INTO `friendship` VALUES (1,1,1,'1989-11-20 16:03:33','2011-01-16 15:02:02','1976-04-10 11:54:21','1987-05-10 04:26:57'),(2,2,2,'2017-12-15 21:49:25','1995-06-04 20:10:45','2012-11-05 17:20:46','1996-05-09 12:24:13'),(3,3,3,'1981-12-20 06:15:37','1983-08-18 05:47:38','2012-07-27 16:32:13','1981-01-29 17:07:03'),(4,4,4,'2012-09-05 14:38:43','1993-10-11 16:26:44','2010-01-14 05:35:56','2009-10-26 13:19:04'),(5,5,5,'2003-11-30 08:01:50','1995-11-06 10:46:30','1986-09-17 22:01:45','2020-09-18 22:08:54'),(6,6,6,'1984-08-07 13:24:07','1975-12-06 16:27:19','1987-06-20 12:30:11','2013-12-05 13:12:59'),(7,7,7,'2015-04-22 10:07:14','1982-06-21 08:45:54','1982-01-25 17:51:22','2009-07-29 22:55:06'),(8,8,8,'1992-07-18 14:26:18','1974-10-21 10:59:17','2013-04-23 11:17:05','2013-07-24 13:39:53'),(9,9,9,'1974-07-01 12:38:49','1971-08-08 01:47:03','2010-10-23 13:47:20','1973-11-24 00:06:53'),(10,10,10,'1981-08-26 03:33:07','1972-07-11 05:21:41','1999-12-13 11:47:12','1975-02-18 15:23:45'),(11,11,11,'1980-02-23 13:29:56','1999-07-27 20:38:08','1989-11-28 22:14:06','2019-04-20 12:18:02'),(12,12,12,'1974-12-15 18:37:52','1999-01-22 02:47:45','2017-05-25 02:20:34','2002-12-07 04:07:17'),(13,13,13,'2000-04-06 21:18:32','1980-03-08 15:10:14','2010-01-31 13:36:27','1993-12-30 20:38:43'),(14,14,14,'1995-05-23 19:22:24','1993-11-05 20:02:30','1987-09-27 05:42:47','1973-09-16 13:18:05'),(15,15,15,'1977-10-26 18:09:17','2004-01-04 04:49:56','2010-09-17 08:25:51','1972-07-13 21:00:19'),(16,16,16,'1972-11-09 18:54:51','2015-04-01 05:36:08','2009-01-15 05:41:31','2020-01-01 04:52:15'),(17,17,17,'2010-03-26 21:24:35','2012-06-27 01:04:21','1988-10-24 02:10:31','1975-01-04 04:55:30'),(18,18,18,'1972-07-28 16:10:11','1996-09-13 08:03:56','2013-11-25 05:27:25','2018-03-30 12:12:11'),(19,19,19,'2010-06-07 03:23:25','1978-06-20 17:39:53','1985-09-09 04:04:33','2016-09-04 06:51:25'),(20,20,20,'1985-08-09 19:02:19','1970-11-25 23:43:16','2000-10-27 19:01:26','2011-09-29 03:19:57'),(21,21,21,'1996-05-11 09:59:30','2018-07-19 04:52:44','2019-10-27 03:40:01','1999-08-07 10:39:59'),(22,22,22,'1978-06-22 14:40:08','1999-05-07 18:59:28','2013-09-23 08:17:09','2007-01-31 08:26:27'),(23,23,23,'1980-05-13 13:12:49','2020-10-26 17:01:54','1978-03-16 05:15:45','2012-03-11 10:59:30'),(24,24,24,'1983-12-15 18:49:12','1971-04-16 15:06:34','1983-09-19 11:32:15','1992-07-11 23:03:25'),(25,25,25,'1983-01-08 00:41:05','1989-03-28 20:06:05','2004-01-17 06:01:37','1973-12-18 06:01:00'),(26,26,26,'1975-07-03 07:53:44','1988-02-07 09:55:14','1975-03-05 19:55:39','2010-09-24 02:32:59'),(27,27,27,'2017-12-06 19:42:58','2001-12-31 02:12:19','1981-06-24 03:35:59','1995-12-04 14:01:04'),(28,28,28,'1999-08-18 15:31:04','1982-04-25 04:34:03','1974-09-15 03:10:37','1979-07-30 21:33:44'),(29,29,29,'1980-05-06 23:58:30','2009-05-11 14:23:21','1975-03-17 12:26:52','1997-01-22 07:51:28'),(30,30,30,'1970-03-17 13:15:29','1991-08-26 05:16:56','2019-06-16 10:58:48','1971-06-08 19:46:34'),(31,31,31,'1984-03-31 06:06:37','2003-11-13 22:23:11','1983-02-07 01:28:10','1972-04-22 21:18:40'),(32,32,32,'1994-03-07 15:28:45','1972-09-21 12:02:51','1988-01-24 20:15:14','2001-01-25 10:32:50'),(33,33,33,'1987-07-20 01:59:49','1971-06-07 04:18:30','1974-10-25 12:44:04','1982-11-23 05:27:25'),(34,34,34,'2021-04-15 13:05:24','1995-06-27 22:28:04','1984-06-13 05:07:09','1985-03-27 17:41:53'),(35,35,35,'1978-04-03 16:06:04','1990-09-20 08:55:21','2015-10-06 08:33:16','1991-09-16 01:46:31'),(36,36,36,'2014-11-14 14:52:12','2006-11-24 16:06:49','2020-12-08 18:23:38','2007-09-27 10:45:27'),(37,37,37,'1991-05-20 02:21:56','2020-04-13 11:39:49','2016-03-19 06:13:06','2014-07-09 22:34:40'),(38,38,38,'1995-12-15 21:43:59','1993-07-25 17:06:06','1992-04-19 21:06:10','2015-04-28 17:56:21'),(39,39,39,'2002-01-24 13:28:33','2008-02-06 19:58:47','2004-08-23 04:00:26','1992-01-23 22:09:42'),(40,40,40,'1974-11-08 08:04:01','1973-08-28 09:29:52','1989-10-03 12:10:57','1982-06-16 11:23:55'),(41,41,41,'2006-02-18 16:17:03','2001-12-14 18:52:23','1999-05-30 23:05:18','1991-03-12 14:36:33'),(42,42,42,'1976-06-11 14:38:23','1988-05-23 03:55:39','2018-09-21 07:26:41','1975-01-05 11:49:16'),(43,43,43,'1978-09-23 07:37:35','1988-06-16 14:45:01','1983-02-18 14:09:19','1986-07-30 12:38:13'),(44,44,44,'2018-04-02 09:55:40','1974-04-23 08:53:56','2019-01-26 18:26:31','1993-06-22 07:24:18'),(45,45,45,'2012-04-23 12:48:51','1979-03-23 00:09:20','1990-10-12 02:38:41','1987-02-11 03:11:41'),(46,46,46,'1992-03-18 15:20:37','1985-08-03 12:53:31','2013-01-02 23:59:24','2009-04-25 09:19:04'),(47,47,47,'1984-07-05 20:53:41','1987-03-15 13:23:19','1994-10-14 12:47:27','2019-03-31 10:47:45'),(48,48,48,'1985-07-12 13:32:26','2013-07-09 16:02:15','1993-07-03 18:59:19','2020-05-20 17:41:23'),(49,49,49,'1996-05-09 11:05:15','2010-06-16 05:59:29','2004-09-05 07:10:38','2018-01-06 12:23:49'),(50,50,50,'2004-12-27 17:29:24','1993-11-26 14:34:11','1976-04-27 17:50:53','1983-01-02 10:11:29'),(51,51,51,'1972-11-04 13:39:05','2020-05-25 16:33:03','1976-06-15 11:27:41','2013-04-21 22:38:30'),(52,52,52,'2017-05-17 13:48:47','2009-12-05 20:18:58','1988-06-03 22:24:30','1987-03-14 18:17:32'),(53,53,53,'2009-05-03 14:26:25','2017-04-09 04:48:17','2014-12-01 06:00:11','2020-12-17 02:21:01'),(54,54,54,'1977-09-22 00:21:26','2020-01-26 05:13:35','2005-04-28 20:47:41','1985-03-16 18:28:15'),(55,55,55,'1975-03-29 03:54:02','1978-04-20 01:10:56','1986-06-30 21:57:17','2011-05-29 23:04:54'),(56,56,56,'2001-06-27 07:29:33','2016-02-21 18:28:11','1972-06-09 23:04:15','1982-12-11 07:34:57'),(57,57,57,'2014-08-19 23:25:55','1987-09-01 15:45:50','1989-09-16 03:22:22','1994-05-31 00:57:52'),(58,58,58,'2005-03-13 08:57:40','1977-03-07 22:50:47','1999-02-08 02:48:18','2019-09-06 11:32:10'),(59,59,59,'2008-07-20 02:21:06','1998-07-01 06:27:34','2018-11-05 17:20:19','1999-02-25 10:40:44'),(60,60,60,'1981-09-01 18:00:48','1984-11-03 21:55:50','1984-12-13 18:15:05','2004-06-13 05:27:28'),(61,61,61,'1981-02-06 08:07:07','1984-03-06 21:21:06','1990-07-26 12:08:00','1990-07-15 16:36:00'),(62,62,62,'1970-07-13 10:12:57','2000-02-27 15:33:05','1973-03-27 05:54:48','1996-11-02 21:42:32'),(63,63,63,'2008-05-02 04:18:02','1977-12-28 20:10:05','2012-10-13 08:09:06','1992-01-18 20:56:35'),(64,64,64,'2000-04-09 12:15:14','1975-04-05 20:18:25','1984-06-24 05:36:10','1976-08-28 12:27:30'),(65,65,65,'2019-08-05 14:24:25','2013-03-01 19:59:07','1980-03-10 08:03:17','2015-12-19 06:34:17'),(66,66,66,'1996-07-09 16:34:20','1980-03-30 02:57:34','1976-06-20 06:09:25','1975-02-13 14:54:16'),(67,67,67,'2017-03-08 15:05:31','1972-01-09 18:45:50','1999-05-29 14:22:04','1983-11-20 16:28:22'),(68,68,68,'2003-03-06 19:06:38','1974-01-11 11:10:28','1972-04-24 18:53:57','1986-09-01 21:29:32'),(69,69,69,'1986-07-07 20:06:42','1978-11-21 03:54:34','2011-02-18 21:53:46','1990-10-12 13:16:18'),(70,70,70,'2019-02-02 18:54:11','2017-11-01 02:35:41','1975-06-30 22:10:32','2013-07-14 21:31:18'),(71,71,71,'1989-05-06 21:53:48','2007-06-15 00:22:34','1972-02-16 16:24:38','2005-08-19 20:35:30'),(72,72,72,'1997-11-05 17:03:00','2015-03-31 23:48:47','2009-01-18 08:02:46','2001-06-07 01:16:08'),(73,73,73,'2020-06-06 23:58:40','1995-04-01 16:12:07','2015-12-09 07:26:11','1987-08-11 22:03:58'),(74,74,74,'1971-01-13 21:27:15','2006-06-04 04:50:57','2004-11-19 12:50:36','1977-05-30 01:52:22'),(75,75,75,'1971-07-16 05:49:36','1990-09-12 15:11:31','1994-01-01 00:07:23','2013-05-02 15:03:34'),(76,76,76,'1973-02-10 16:28:52','1976-06-10 23:03:43','2011-01-24 11:11:20','2002-04-06 11:12:06'),(77,77,77,'1989-08-11 06:00:08','1986-07-10 03:44:34','2005-04-25 19:26:46','2003-08-23 05:41:40'),(78,78,78,'1985-04-03 01:09:11','1982-11-20 15:29:55','1996-06-20 03:56:11','2014-12-23 00:33:47'),(79,79,79,'2008-08-22 09:55:56','2003-09-03 13:30:39','2012-02-10 15:25:35','1987-04-30 01:57:14'),(80,80,80,'1981-06-01 21:48:58','1990-04-10 19:17:01','1979-06-09 06:48:46','2010-11-14 08:49:35'),(81,81,81,'1986-03-01 14:55:53','2001-02-15 09:31:47','1984-08-09 05:11:46','2007-01-22 01:31:36'),(82,82,82,'2003-03-24 21:30:11','2007-11-21 09:50:46','1984-07-11 12:28:03','1970-04-14 05:15:55'),(83,83,83,'1978-04-19 19:30:34','1997-05-02 07:08:09','1988-09-19 17:39:33','1994-12-08 04:09:17'),(84,84,84,'2006-07-29 05:14:15','2014-07-27 08:01:04','2019-03-26 15:01:32','1986-05-11 09:42:54'),(85,85,85,'1976-02-14 15:59:31','2018-01-20 03:49:15','1976-01-24 06:45:03','2016-04-27 14:52:34'),(86,86,86,'2018-06-29 03:02:15','1975-01-19 10:40:07','1986-04-12 14:44:11','1982-09-14 06:18:08'),(87,87,87,'2010-03-10 15:01:44','2020-07-24 10:48:02','1981-11-17 18:02:34','1974-08-26 16:19:53'),(88,88,88,'2012-12-21 19:38:30','1989-08-12 00:13:34','1995-12-14 07:31:40','1995-01-01 05:32:32'),(89,89,89,'2016-01-03 11:13:08','1970-01-14 08:03:17','1997-10-07 04:07:04','1970-07-11 08:27:23'),(90,90,90,'2009-01-07 03:12:04','1999-06-30 20:20:04','1994-11-24 08:28:40','1983-07-07 19:50:49'),(91,91,91,'2006-04-28 15:24:13','2020-09-11 03:47:36','1995-05-31 08:43:02','2019-05-27 06:24:01'),(92,92,92,'1980-07-25 07:45:51','2009-03-29 18:33:04','1996-10-14 02:10:28','2012-10-11 10:07:04'),(93,93,93,'2020-08-21 20:02:16','1979-01-08 16:34:49','2008-11-02 13:22:30','2014-05-12 23:02:59'),(94,94,94,'2020-02-25 03:02:25','2017-01-08 09:14:55','2020-03-10 21:03:10','2011-05-14 18:44:26'),(95,95,95,'1992-06-12 06:17:27','2010-06-22 09:30:55','2016-03-15 19:28:54','1979-02-01 15:06:22'),(96,96,96,'1993-12-03 17:54:18','1990-02-20 17:42:53','2015-10-05 14:12:47','1997-08-07 06:15:03'),(97,97,97,'1992-06-28 07:32:38','2012-12-02 19:43:27','1988-08-13 06:32:52','2005-03-31 15:57:10'),(98,98,98,'2005-08-10 02:40:39','2009-09-18 13:07:18','1972-01-10 18:59:39','2012-05-06 23:47:03'),(99,99,99,'2001-05-27 15:37:58','2003-06-13 13:21:41','1979-03-21 22:36:52','1990-01-24 11:25:59'),(100,100,100,'1982-12-19 03:26:22','1972-07-12 13:30:46','1997-02-18 20:46:24','1978-05-27 05:39:30');
/*!40000 ALTER TABLE `friendship` ENABLE KEYS */;
UNLOCK TABLES;

--
-- Table structure for table `friendship_statuses`
--

DROP TABLE IF EXISTS `friendship_statuses`;
/*!40101 SET @saved_cs_client     = @@character_set_client */;
/*!50503 SET character_set_client = utf8mb4 */;
CREATE TABLE `friendship_statuses` (
  `id` int unsigned NOT NULL AUTO_INCREMENT COMMENT 'Идентификатор строки',
  `name` varchar(150) CHARACTER SET utf8mb4 COLLATE utf8mb4_unicode_ci NOT NULL COMMENT 'Название статуса',
  `created_at` datetime DEFAULT CURRENT_TIMESTAMP COMMENT 'Время создания строки',
  `updated_at` datetime DEFAULT CURRENT_TIMESTAMP ON UPDATE CURRENT_TIMESTAMP COMMENT 'Время обновления строки',
  PRIMARY KEY (`id`),
  UNIQUE KEY `name` (`name`)
) ENGINE=InnoDB AUTO_INCREMENT=101 DEFAULT CHARSET=utf8mb4 COLLATE=utf8mb4_unicode_ci COMMENT='Статус дружбы';
/*!40101 SET character_set_client = @saved_cs_client */;

--
-- Dumping data for table `friendship_statuses`
--

LOCK TABLES `friendship_statuses` WRITE;
/*!40000 ALTER TABLE `friendship_statuses` DISABLE KEYS */;
INSERT INTO `friendship_statuses` VALUES (1,'sequi','2011-11-25 08:00:38','1997-08-27 10:06:04'),(2,'et','2015-09-12 07:35:19','1975-10-20 14:42:43'),(3,'quis','1993-07-02 07:34:36','1973-12-05 22:52:00'),(4,'sint','1989-09-28 00:31:31','2003-08-26 01:30:03'),(5,'temporibus','1987-04-02 15:16:39','1971-07-13 01:26:39'),(6,'nisi','2013-10-13 18:18:08','1984-06-30 18:50:27'),(7,'voluptatibus','1998-02-26 17:17:15','2017-06-04 01:39:36'),(8,'autem','1997-07-07 06:05:41','2008-09-15 16:56:02'),(9,'rerum','1998-01-10 03:23:35','2020-02-20 17:41:33'),(10,'minima','2011-10-23 08:36:07','2010-11-28 03:44:29'),(11,'ut','1988-06-29 06:19:46','1980-11-24 19:26:43'),(12,'tenetur','2010-02-15 16:28:51','1998-07-15 23:06:24'),(13,'eligendi','1992-02-16 00:18:00','2010-01-18 13:23:16'),(14,'odit','1981-04-07 07:09:19','1984-06-30 11:18:36'),(15,'eum','1986-12-13 07:24:46','1978-06-25 15:00:50'),(16,'vitae','2004-09-20 06:45:35','2013-12-17 14:14:40'),(17,'inventore','1977-10-14 13:04:06','2008-04-14 16:57:23'),(18,'deserunt','1994-01-11 23:27:04','1980-08-14 20:33:06'),(19,'nam','1980-02-12 10:54:12','1970-11-06 14:39:33'),(20,'a','1995-11-15 06:47:37','1982-04-10 12:22:49'),(21,'repudiandae','1992-01-31 15:59:25','2008-06-22 07:26:29'),(22,'dicta','1979-05-24 23:59:49','2017-01-23 13:50:48'),(23,'rem','1977-07-21 10:26:57','2004-09-27 17:02:25'),(24,'velit','1987-03-18 03:37:49','1976-05-25 05:58:10'),(25,'aliquid','2004-08-15 06:28:53','1988-07-01 19:08:20'),(26,'fugit','1986-01-09 04:11:41','1976-02-27 02:48:25'),(27,'sunt','1971-09-19 12:24:54','1999-03-08 00:36:48'),(28,'molestias','2014-09-09 05:37:38','2009-04-04 01:13:50'),(29,'quisquam','1992-07-06 08:53:05','1977-02-11 09:57:35'),(30,'laborum','1974-02-23 18:57:15','1983-05-16 18:15:11'),(31,'totam','1996-02-16 12:35:29','1993-02-22 02:40:10'),(32,'aut','2008-06-17 23:59:32','2021-04-11 17:19:58'),(33,'ullam','1995-01-12 17:56:35','1980-07-30 21:41:30'),(34,'perspiciatis','2020-02-24 07:26:51','1997-04-23 21:21:54'),(35,'quam','1998-03-09 08:41:13','1976-05-01 09:50:53'),(36,'id','2001-01-13 15:18:39','1994-08-22 00:51:37'),(37,'ea','2013-10-26 05:23:58','2020-03-22 06:37:19'),(38,'vel','1975-07-31 04:10:45','1982-09-19 03:00:45'),(39,'nemo','1997-04-18 09:57:17','2019-09-04 22:05:43'),(40,'alias','2007-03-09 08:04:10','1984-02-17 14:34:43'),(41,'explicabo','1994-02-28 10:04:24','2019-05-08 13:20:28'),(42,'quia','2017-03-26 06:53:22','2018-11-27 10:40:58'),(43,'veritatis','2010-12-16 21:18:46','1971-11-13 17:08:28'),(44,'iure','2005-10-27 12:10:16','1984-10-06 03:21:01'),(45,'nostrum','2009-11-22 02:14:58','2007-10-22 22:22:39'),(46,'maiores','2012-12-31 04:41:54','1991-08-17 09:10:35'),(47,'libero','2009-08-05 23:45:48','1979-03-16 03:03:20'),(48,'quaerat','1983-04-28 08:08:48','1972-05-05 06:53:42'),(49,'laboriosam','2019-07-26 22:07:55','2020-02-06 07:48:22'),(50,'nulla','2007-09-23 18:25:40','1998-07-16 04:55:48'),(51,'architecto','1984-01-21 02:24:26','2019-12-24 17:35:42'),(52,'qui','1980-12-07 10:58:31','1972-03-22 18:01:59'),(53,'voluptatem','2001-06-12 10:49:49','1970-05-03 05:30:12'),(54,'corporis','2013-08-14 01:44:35','1978-04-12 15:35:23'),(55,'illum','1973-06-07 12:29:45','2005-01-22 15:29:52'),(56,'enim','1978-08-29 19:18:23','1987-03-13 01:42:48'),(57,'quo','2004-04-02 09:51:54','2010-07-15 08:29:26'),(58,'quod','1986-10-24 18:12:37','1996-11-27 05:40:30'),(59,'cupiditate','1985-12-24 09:21:17','2009-05-25 03:13:18'),(60,'est','1998-02-03 05:50:11','2018-01-25 01:56:53'),(61,'illo','2003-04-23 02:46:23','1993-03-24 17:38:56'),(62,'eaque','1976-09-27 23:19:57','2002-07-18 01:03:55'),(63,'sapiente','2018-09-17 04:36:44','1973-01-16 23:58:00'),(64,'eius','2017-07-04 01:25:48','2018-12-05 03:33:11'),(65,'facilis','1976-07-21 14:44:54','2000-02-09 07:45:49'),(66,'magnam','2008-08-25 02:35:04','1985-03-29 01:29:06'),(67,'veniam','2011-02-08 08:46:55','1993-08-21 15:21:18'),(68,'maxime','1997-07-10 20:21:32','1999-06-06 16:26:48'),(69,'repellat','2003-12-01 23:48:45','1971-12-03 13:58:47'),(70,'modi','2006-07-31 03:15:56','1982-04-28 12:06:01'),(71,'sed','1981-01-29 04:35:15','2016-01-23 23:30:33'),(72,'magni','2014-06-15 22:27:50','1982-12-30 16:27:09'),(73,'voluptate','1970-11-29 10:55:37','1993-10-28 04:58:45'),(74,'officiis','2004-12-24 11:18:10','2015-06-24 20:20:43'),(75,'facere','1986-04-20 21:52:54','1975-12-09 00:44:34'),(76,'commodi','1970-03-24 03:16:14','2006-08-21 15:38:46'),(77,'cumque','1971-03-05 12:20:05','2021-03-16 18:04:35'),(78,'nihil','1977-01-29 12:26:19','1990-10-21 20:05:11'),(79,'adipisci','2019-11-24 19:49:18','2019-03-14 02:57:44'),(80,'molestiae','1976-01-01 02:06:03','2001-04-02 01:08:57'),(81,'dolores','1987-02-10 12:21:30','1977-05-28 14:22:25'),(82,'sit','2005-08-10 13:43:49','1993-07-06 11:58:24'),(83,'asperiores','2003-02-03 13:51:36','1983-01-03 00:56:56'),(84,'quae','2015-05-22 12:06:23','2000-10-21 00:49:03'),(85,'hic','1985-07-12 00:25:23','1993-06-08 14:44:49'),(86,'natus','2009-12-10 22:59:39','2007-10-10 18:28:07'),(87,'odio','1997-01-26 19:35:08','2021-02-07 19:19:11'),(88,'quidem','2014-01-23 15:54:28','1981-09-28 16:01:17'),(89,'ad','1984-02-24 23:10:12','1979-05-15 02:08:26'),(90,'reprehenderit','1977-08-23 15:34:12','2014-06-06 07:39:32'),(91,'dolore','1992-10-14 00:46:38','1975-12-16 04:46:05'),(92,'incidunt','1983-01-02 15:03:07','1984-09-22 16:23:28'),(93,'saepe','1970-09-15 13:13:27','2020-12-29 13:34:02'),(94,'ratione','1972-01-14 01:43:06','2007-05-03 15:49:55'),(95,'eveniet','2009-03-19 09:11:53','2008-11-04 14:52:37'),(96,'accusantium','1983-07-05 19:42:26','1990-04-21 12:50:36'),(97,'nobis','2006-05-01 15:23:46','2012-08-29 02:05:00'),(98,'occaecati','1973-09-22 09:05:40','2006-08-24 22:01:59'),(99,'voluptates','1993-11-06 12:06:05','1977-09-04 05:48:40'),(100,'dolor','1999-03-20 04:15:28','2012-02-09 08:51:05');
/*!40000 ALTER TABLE `friendship_statuses` ENABLE KEYS */;
UNLOCK TABLES;

--
-- Table structure for table `likes`
--

DROP TABLE IF EXISTS `likes`;
/*!40101 SET @saved_cs_client     = @@character_set_client */;
/*!50503 SET character_set_client = utf8mb4 */;
CREATE TABLE `likes` (
  `id` int unsigned NOT NULL AUTO_INCREMENT,
  `user_id` int unsigned NOT NULL,
  `media_id` int unsigned NOT NULL,
  `created_at` datetime DEFAULT CURRENT_TIMESTAMP,
  PRIMARY KEY (`id`),
  KEY `user_id` (`user_id`),
  KEY `media_id` (`media_id`),
  CONSTRAINT `likes_ibfk_1` FOREIGN KEY (`user_id`) REFERENCES `users` (`id`),
  CONSTRAINT `likes_ibfk_2` FOREIGN KEY (`media_id`) REFERENCES `media` (`id`)
) ENGINE=InnoDB AUTO_INCREMENT=101 DEFAULT CHARSET=utf8mb4 COLLATE=utf8mb4_unicode_ci;
/*!40101 SET character_set_client = @saved_cs_client */;

--
-- Dumping data for table `likes`
--

LOCK TABLES `likes` WRITE;
/*!40000 ALTER TABLE `likes` DISABLE KEYS */;
INSERT INTO `likes` VALUES (1,1,1,'2009-12-21 03:35:31'),(2,2,2,'1980-05-30 00:42:00'),(3,3,3,'2010-12-02 05:17:56'),(4,4,4,'1985-03-03 19:19:28'),(5,5,5,'1988-07-05 04:37:09'),(6,6,6,'1983-04-22 07:39:35'),(7,7,7,'1985-02-20 06:58:03'),(8,8,8,'1997-12-02 14:07:40'),(9,9,9,'2018-12-15 03:33:35'),(10,10,10,'1970-09-23 00:27:18'),(11,11,11,'1994-05-15 20:08:31'),(12,12,12,'2002-10-22 09:58:54'),(13,13,13,'1997-07-04 23:50:10'),(14,14,14,'2000-08-17 20:07:42'),(15,15,15,'2013-08-02 23:47:11'),(16,16,16,'2008-02-27 19:22:43'),(17,17,17,'2003-07-08 01:51:15'),(18,18,18,'1977-06-15 15:39:49'),(19,19,19,'1999-05-08 09:54:20'),(20,20,20,'2014-03-19 03:09:00'),(21,21,21,'1987-07-15 03:28:56'),(22,22,22,'1990-05-17 13:05:34'),(23,23,23,'2011-08-18 20:50:33'),(24,24,24,'2007-01-15 13:51:35'),(25,25,25,'2000-03-21 18:24:02'),(26,26,26,'1974-11-10 08:33:43'),(27,27,27,'2003-09-25 13:26:48'),(28,28,28,'1976-03-22 04:56:06'),(29,29,29,'2013-06-12 06:47:22'),(30,30,30,'1970-02-21 06:36:54'),(31,31,31,'2010-10-18 20:19:17'),(32,32,32,'2004-05-26 12:13:47'),(33,33,33,'2018-02-16 02:47:54'),(34,34,34,'1979-11-15 11:57:38'),(35,35,35,'2018-04-09 10:17:25'),(36,36,36,'2014-01-19 21:08:01'),(37,37,37,'1982-01-01 05:07:10'),(38,38,38,'1975-10-31 10:35:27'),(39,39,39,'1992-09-18 20:40:28'),(40,40,40,'1989-11-03 15:07:57'),(41,41,41,'1982-04-29 04:59:02'),(42,42,42,'1974-09-28 21:01:22'),(43,43,43,'2010-01-10 09:02:31'),(44,44,44,'2018-10-21 19:23:23'),(45,45,45,'2006-05-18 17:17:14'),(46,46,46,'2019-05-15 11:13:04'),(47,47,47,'2018-12-03 05:51:33'),(48,48,48,'2018-07-22 05:16:42'),(49,49,49,'2005-05-20 23:48:11'),(50,50,50,'1992-12-30 11:15:07'),(51,51,51,'2008-05-03 11:06:02'),(52,52,52,'2020-09-29 00:50:31'),(53,53,53,'1990-02-23 14:36:06'),(54,54,54,'2011-02-22 14:28:20'),(55,55,55,'2014-03-30 21:20:25'),(56,56,56,'1998-11-08 07:37:14'),(57,57,57,'1971-12-27 17:00:12'),(58,58,58,'1993-03-30 04:42:13'),(59,59,59,'1998-10-27 12:10:19'),(60,60,60,'2004-08-27 17:04:20'),(61,61,61,'1977-05-30 23:51:41'),(62,62,62,'2011-04-12 01:41:33'),(63,63,63,'1997-09-26 23:08:48'),(64,64,64,'1971-12-24 23:58:58'),(65,65,65,'1970-03-20 03:32:03'),(66,66,66,'1974-08-17 11:11:50'),(67,67,67,'1996-04-24 00:14:28'),(68,68,68,'2002-05-19 12:31:57'),(69,69,69,'2012-11-04 19:11:30'),(70,70,70,'1986-11-22 01:22:02'),(71,71,71,'1994-11-29 08:15:58'),(72,72,72,'1983-06-11 17:19:57'),(73,73,73,'2002-04-30 10:26:22'),(74,74,74,'2004-03-01 00:08:47'),(75,75,75,'2013-09-30 11:03:32'),(76,76,76,'1980-07-10 00:49:50'),(77,77,77,'1982-12-05 20:37:02'),(78,78,78,'2021-03-29 14:40:10'),(79,79,79,'1973-11-29 21:13:21'),(80,80,80,'1985-12-15 18:57:29'),(81,81,81,'1977-10-16 14:40:41'),(82,82,82,'1995-09-26 02:45:08'),(83,83,83,'2015-05-16 12:24:53'),(84,84,84,'2015-11-30 09:21:45'),(85,85,85,'1975-05-29 10:12:37'),(86,86,86,'2012-09-11 09:18:24'),(87,87,87,'1985-06-29 09:59:12'),(88,88,88,'1989-03-17 11:47:15'),(89,89,89,'1976-05-22 17:02:38'),(90,90,90,'2004-12-11 17:15:15'),(91,91,91,'2017-06-19 08:04:26'),(92,92,92,'2012-02-16 18:50:29'),(93,93,93,'1995-11-14 02:28:28'),(94,94,94,'1976-12-30 13:26:44'),(95,95,95,'2004-12-20 14:45:34'),(96,96,96,'2002-09-26 23:15:30'),(97,97,97,'2000-01-03 02:00:48'),(98,98,98,'1976-10-20 19:16:11'),(99,99,99,'1980-03-01 23:48:13'),(100,100,100,'1974-08-10 05:49:11');
/*!40000 ALTER TABLE `likes` ENABLE KEYS */;
UNLOCK TABLES;

--
-- Table structure for table `media`
--

DROP TABLE IF EXISTS `media`;
/*!40101 SET @saved_cs_client     = @@character_set_client */;
/*!50503 SET character_set_client = utf8mb4 */;
CREATE TABLE `media` (
  `id` int unsigned NOT NULL AUTO_INCREMENT COMMENT 'Идентификатор строки',
  `user_id` int unsigned NOT NULL COMMENT 'Ссылка на пользователя, который загрузил файл',
  `filename` varchar(255) CHARACTER SET utf8mb4 COLLATE utf8mb4_unicode_ci NOT NULL COMMENT 'Путь к файлу',
  `size` int NOT NULL COMMENT 'Размер файла',
  `metadata` longtext CHARACTER SET utf8mb4 COLLATE utf8mb4_bin COMMENT 'Метаданные файла',
  `media_type_id` int unsigned NOT NULL COMMENT 'Ссылка на тип контента',
  `created_at` datetime DEFAULT CURRENT_TIMESTAMP COMMENT 'Время создания строки',
  `updated_at` datetime DEFAULT CURRENT_TIMESTAMP ON UPDATE CURRENT_TIMESTAMP COMMENT 'Время обновления строки',
  PRIMARY KEY (`id`),
  KEY `user_id` (`user_id`),
  KEY `media_type_id` (`media_type_id`),
  CONSTRAINT `media_ibfk_1` FOREIGN KEY (`user_id`) REFERENCES `users` (`id`),
  CONSTRAINT `media_ibfk_2` FOREIGN KEY (`media_type_id`) REFERENCES `media_types` (`id`),
  CONSTRAINT `media_chk_1` CHECK (json_valid(`metadata`))
) ENGINE=InnoDB AUTO_INCREMENT=101 DEFAULT CHARSET=utf8mb4 COLLATE=utf8mb4_unicode_ci COMMENT='Медиафайлы';
/*!40101 SET character_set_client = @saved_cs_client */;

--
-- Dumping data for table `media`
--

LOCK TABLES `media` WRITE;
/*!40000 ALTER TABLE `media` DISABLE KEYS */;
INSERT INTO `media` VALUES (1,1,'et',33152103,NULL,1,'1993-11-27 05:57:46','2008-09-22 20:38:00'),(2,2,'ullam',906,NULL,2,'1996-12-06 15:20:37','1986-09-28 21:10:29'),(3,3,'similique',284229,NULL,3,'1979-05-20 13:00:29','1978-03-18 19:27:35'),(4,4,'voluptatem',20331,NULL,4,'1972-09-16 16:39:22','2012-08-07 14:00:52'),(5,5,'fuga',802,NULL,5,'1974-11-19 02:53:13','1992-06-23 09:34:07'),(6,6,'autem',596212,NULL,6,'1997-05-12 23:23:41','1970-12-18 10:58:27'),(7,7,'ut',6865,NULL,7,'1989-09-24 22:33:49','1992-04-28 05:15:28'),(8,8,'est',6351834,NULL,8,'2010-06-12 17:34:05','1978-07-14 08:23:56'),(9,9,'dolorem',878834,NULL,9,'2018-02-26 08:21:19','1999-09-19 11:02:13'),(10,10,'et',99548579,NULL,10,'2005-08-14 00:15:27','2018-07-22 17:00:03'),(11,11,'magni',38111314,NULL,11,'2003-11-11 17:09:13','1983-11-03 21:31:54'),(12,12,'quia',0,NULL,12,'2004-12-08 13:05:54','2015-10-02 01:55:26'),(13,13,'perspiciatis',0,NULL,13,'1974-12-13 18:26:23','1975-11-18 19:09:43'),(14,14,'molestiae',78,NULL,14,'1996-06-18 21:09:03','1993-05-13 19:31:37'),(15,15,'earum',0,NULL,15,'1987-05-25 23:49:37','1979-09-30 16:13:57'),(16,16,'praesentium',54097416,NULL,16,'1981-05-24 03:16:15','1996-03-04 21:49:07'),(17,17,'nesciunt',0,NULL,17,'1992-02-15 11:48:05','1977-10-25 16:57:18'),(18,18,'voluptate',63,NULL,18,'2018-11-05 12:51:39','1990-10-02 03:55:19'),(19,19,'ut',67198,NULL,19,'1997-01-27 23:37:33','1995-06-10 12:27:16'),(20,20,'quo',134327,NULL,20,'2012-05-01 21:52:33','2016-05-30 22:08:45'),(21,21,'minima',376385231,NULL,21,'2007-05-29 14:09:37','1973-01-14 23:51:20'),(22,22,'non',1423159,NULL,22,'1996-08-12 18:47:33','1988-07-18 13:45:52'),(23,23,'ut',900105224,NULL,23,'1976-04-11 19:56:59','2006-12-18 22:58:23'),(24,24,'corporis',1125,NULL,24,'1984-04-09 23:11:57','2003-10-24 10:10:34'),(25,25,'incidunt',386,NULL,25,'1998-11-08 05:30:14','2008-09-05 16:31:47'),(26,26,'officia',512320,NULL,26,'2000-11-08 10:47:06','1993-06-28 01:19:02'),(27,27,'voluptas',885945,NULL,27,'1988-07-24 16:13:32','1973-05-06 21:49:53'),(28,28,'vel',6504779,NULL,28,'1993-05-11 08:18:29','2008-10-26 02:54:36'),(29,29,'repellat',658767978,NULL,29,'2004-06-06 11:50:33','2004-07-09 15:21:19'),(30,30,'nostrum',34,NULL,30,'2016-11-08 12:34:23','2008-10-25 15:23:28'),(31,31,'et',555965,NULL,31,'1974-10-29 14:06:16','2009-11-17 12:29:50'),(32,32,'quis',767862135,NULL,32,'1984-04-17 03:24:30','2005-09-16 16:57:29'),(33,33,'tenetur',20,NULL,33,'1999-05-09 04:58:13','1978-08-14 15:36:02'),(34,34,'nisi',652,NULL,34,'2007-11-02 05:45:07','2012-01-19 20:45:32'),(35,35,'delectus',53506981,NULL,35,'1977-10-25 15:01:07','1991-04-18 15:14:35'),(36,36,'et',78835798,NULL,36,'1978-11-21 16:53:02','2006-05-19 14:26:42'),(37,37,'in',65037655,NULL,37,'2012-03-25 13:52:45','1980-06-20 06:15:41'),(38,38,'qui',6,NULL,38,'1985-11-06 01:55:15','2006-01-01 11:10:19'),(39,39,'voluptates',6035,NULL,39,'2018-10-03 21:41:52','1974-06-11 03:04:07'),(40,40,'reprehenderit',270427,NULL,40,'1995-11-28 12:51:41','1983-05-23 14:17:14'),(41,41,'libero',104216,NULL,41,'1972-06-19 04:34:30','2005-07-11 19:21:20'),(42,42,'nihil',0,NULL,42,'1980-06-19 18:01:41','1982-07-11 06:38:37'),(43,43,'quod',81519948,NULL,43,'1976-11-06 04:52:48','1990-02-22 21:25:46'),(44,44,'temporibus',35115,NULL,44,'2019-12-10 04:25:01','2002-07-13 10:25:00'),(45,45,'aspernatur',55804,NULL,45,'1995-12-06 13:51:22','1978-10-07 19:32:58'),(46,46,'sed',338803288,NULL,46,'1978-06-22 07:58:44','1985-07-03 14:23:17'),(47,47,'ut',6,NULL,47,'2002-02-03 02:18:17','2010-11-28 08:12:42'),(48,48,'non',4147062,NULL,48,'2016-02-10 12:10:04','2013-08-04 03:17:49'),(49,49,'expedita',94329,NULL,49,'1998-02-02 01:53:50','1985-05-05 17:23:09'),(50,50,'quos',97166477,NULL,50,'1995-01-24 08:16:20','2008-12-25 18:02:02'),(51,51,'aut',303,NULL,51,'1992-01-10 16:11:42','1981-08-30 04:33:13'),(52,52,'eveniet',72540,NULL,52,'2018-02-16 01:20:45','2017-06-29 11:39:47'),(53,53,'maiores',970,NULL,53,'2002-04-30 06:57:47','2013-08-15 05:06:42'),(54,54,'possimus',8,NULL,54,'1987-04-15 02:33:32','1993-11-05 07:34:27'),(55,55,'facere',80,NULL,55,'1987-04-05 06:35:43','1975-11-08 12:04:36'),(56,56,'quia',0,NULL,56,'2013-06-18 16:55:52','2004-01-16 05:54:21'),(57,57,'aut',95,NULL,57,'1995-09-27 21:39:33','1979-08-31 10:38:19'),(58,58,'quia',253418138,NULL,58,'2000-05-31 22:22:23','1985-07-28 21:37:28'),(59,59,'in',9327630,NULL,59,'1991-04-22 20:12:47','2011-03-21 15:46:41'),(60,60,'distinctio',365,NULL,60,'1999-11-26 09:35:40','1997-09-21 00:10:42'),(61,61,'odio',677366515,NULL,61,'1982-01-17 23:29:38','1978-10-22 02:24:08'),(62,62,'cumque',946899,NULL,62,'2019-01-21 09:06:21','1984-05-15 02:24:29'),(63,63,'excepturi',163005,NULL,63,'1999-02-16 03:04:58','1981-11-26 08:55:35'),(64,64,'voluptas',22007,NULL,64,'2002-07-11 16:40:38','2002-02-25 04:34:40'),(65,65,'expedita',401111,NULL,65,'2021-01-27 04:38:58','2011-02-15 22:36:01'),(66,66,'consequuntur',1,NULL,66,'1987-08-29 02:48:25','1971-03-20 18:49:12'),(67,67,'quis',0,NULL,67,'2003-09-20 18:38:13','1993-03-24 23:00:50'),(68,68,'a',1838328,NULL,68,'2007-08-02 07:31:04','1975-08-19 21:54:57'),(69,69,'est',29,NULL,69,'1985-01-03 03:18:40','1992-03-16 21:35:04'),(70,70,'aspernatur',444,NULL,70,'1986-04-03 23:50:55','1984-01-31 11:12:11'),(71,71,'vel',8829646,NULL,71,'2003-05-13 13:36:48','1976-01-18 19:22:30'),(72,72,'sit',77648,NULL,72,'1974-11-29 22:20:59','2005-05-07 05:58:29'),(73,73,'placeat',3,NULL,73,'1991-06-19 11:33:32','2010-11-17 07:14:00'),(74,74,'quia',89,NULL,74,'1995-04-04 19:24:27','2013-05-10 12:29:03'),(75,75,'consequatur',17,NULL,75,'1991-12-17 12:03:35','2003-04-04 17:00:15'),(76,76,'non',5402927,NULL,76,'1989-01-29 05:31:42','2012-10-02 13:50:38'),(77,77,'qui',4560345,NULL,77,'2020-11-25 08:08:05','2002-03-11 13:39:58'),(78,78,'voluptatem',395231107,NULL,78,'1984-02-22 07:18:56','1992-11-10 05:34:34'),(79,79,'consequatur',4408,NULL,79,'1996-07-04 11:15:52','1998-09-19 07:17:05'),(80,80,'ullam',74762,NULL,80,'1981-11-21 20:12:00','1995-08-19 04:25:04'),(81,81,'sit',904952,NULL,81,'1994-10-19 04:06:41','2008-08-18 23:15:52'),(82,82,'a',65091594,NULL,82,'2008-02-25 11:58:41','2010-11-05 05:16:39'),(83,83,'quo',73,NULL,83,'1973-05-20 22:17:34','1995-08-28 11:00:08'),(84,84,'unde',608818,NULL,84,'1981-04-14 07:33:59','1981-03-27 11:15:56'),(85,85,'blanditiis',72413858,NULL,85,'1983-02-25 22:57:20','1973-06-10 00:13:08'),(86,86,'possimus',152,NULL,86,'1991-02-16 23:18:22','1973-05-03 12:50:01'),(87,87,'neque',405686816,NULL,87,'1989-09-21 15:54:40','1988-06-01 03:08:59'),(88,88,'illo',0,NULL,88,'1986-06-12 21:41:46','1977-09-12 08:16:24'),(89,89,'veritatis',7770,NULL,89,'1997-10-31 08:26:51','1983-08-06 17:33:46'),(90,90,'rerum',8486,NULL,90,'2010-12-07 09:36:16','1976-08-28 18:59:47'),(91,91,'a',3,NULL,91,'2016-05-06 03:08:15','1988-04-11 17:28:03'),(92,92,'dolor',9142,NULL,92,'2019-08-03 17:05:09','1980-04-18 19:27:07'),(93,93,'quae',1,NULL,93,'2004-12-07 22:43:36','2000-12-16 21:16:28'),(94,94,'aliquid',81813,NULL,94,'1973-03-21 11:36:06','1975-07-08 01:16:17'),(95,95,'delectus',101508,NULL,95,'2004-04-05 19:16:50','2011-03-14 22:26:29'),(96,96,'labore',67108189,NULL,96,'2019-12-31 09:08:17','1991-04-04 20:05:21'),(97,97,'consequatur',50665606,NULL,97,'2018-11-09 17:50:48','2010-03-09 06:16:26'),(98,98,'voluptate',5,NULL,98,'2003-05-18 17:46:03','2011-08-07 23:49:41'),(99,99,'quasi',36,NULL,99,'1989-11-27 15:02:33','1991-08-20 12:17:27'),(100,100,'qui',5973637,NULL,100,'2018-09-30 11:36:31','2013-08-28 14:31:10');
/*!40000 ALTER TABLE `media` ENABLE KEYS */;
UNLOCK TABLES;

--
-- Table structure for table `media_types`
--

DROP TABLE IF EXISTS `media_types`;
/*!40101 SET @saved_cs_client     = @@character_set_client */;
/*!50503 SET character_set_client = utf8mb4 */;
CREATE TABLE `media_types` (
  `id` int unsigned NOT NULL AUTO_INCREMENT COMMENT 'Идентификатор строки',
  `name` varchar(255) CHARACTER SET utf8mb4 COLLATE utf8mb4_unicode_ci NOT NULL COMMENT 'Название типа',
  `created_at` datetime DEFAULT CURRENT_TIMESTAMP COMMENT 'Время создания строки',
  `updated_at` datetime DEFAULT CURRENT_TIMESTAMP ON UPDATE CURRENT_TIMESTAMP COMMENT 'Время обновления строки',
  PRIMARY KEY (`id`),
  UNIQUE KEY `name` (`name`)
) ENGINE=InnoDB AUTO_INCREMENT=101 DEFAULT CHARSET=utf8mb4 COLLATE=utf8mb4_unicode_ci COMMENT='Типы медиафайлов';
/*!40101 SET character_set_client = @saved_cs_client */;

--
-- Dumping data for table `media_types`
--

LOCK TABLES `media_types` WRITE;
/*!40000 ALTER TABLE `media_types` DISABLE KEYS */;
INSERT INTO `media_types` VALUES (1,'totam','2010-12-09 16:02:40','1972-02-13 11:55:35'),(2,'facilis','1971-04-03 18:15:22','1988-10-16 01:39:33'),(3,'illum','2007-08-13 02:40:20','1978-09-12 13:35:27'),(4,'assumenda','1987-04-27 09:38:03','2018-08-18 16:02:47'),(5,'voluptatem','2011-02-01 20:45:30','1996-10-23 09:47:32'),(6,'id','2010-08-11 22:28:49','1984-02-04 17:07:50'),(7,'voluptas','2001-02-23 01:00:37','1974-08-13 05:18:56'),(8,'et','2008-05-26 19:42:22','2015-12-06 16:39:38'),(9,'itaque','2014-07-16 06:42:18','1988-10-23 04:27:19'),(10,'est','1999-09-13 06:08:10','1994-05-02 03:34:20'),(11,'libero','1994-06-22 10:02:38','2002-04-23 16:09:37'),(12,'fuga','1978-10-01 09:43:18','1982-05-15 14:06:27'),(13,'sed','2016-05-12 08:12:32','2004-05-04 20:01:00'),(14,'ea','1991-11-26 07:45:42','1977-10-01 11:54:54'),(15,'corrupti','1973-03-23 08:33:40','1991-02-21 18:51:27'),(16,'quasi','1995-01-16 07:12:30','2007-06-07 17:36:58'),(17,'eum','1989-01-14 00:16:44','1971-03-03 09:47:36'),(18,'laboriosam','2008-11-17 10:36:50','1988-08-01 14:53:28'),(19,'error','1986-06-16 04:34:45','2004-02-13 09:48:12'),(20,'reiciendis','1986-04-04 21:53:57','2012-05-25 03:50:23'),(21,'illo','1988-11-10 22:06:02','1993-12-07 07:03:35'),(22,'quidem','1997-11-23 11:40:49','2010-01-01 23:54:57'),(23,'sit','2000-05-31 10:03:22','1988-09-26 08:21:09'),(24,'mollitia','2009-06-03 17:31:42','2002-06-05 23:04:12'),(25,'ab','1999-09-08 01:38:51','2021-03-12 03:25:24'),(26,'in','2001-04-17 13:36:10','1970-10-14 17:40:00'),(27,'voluptatum','1984-12-18 06:19:20','1987-03-06 23:40:41'),(28,'eius','1978-10-06 07:17:26','1998-11-15 04:28:13'),(29,'sunt','1971-11-01 14:56:10','2004-12-22 14:26:16'),(30,'nostrum','1997-06-18 13:54:12','2013-08-02 21:29:18'),(31,'aperiam','1983-07-20 12:10:48','1998-01-25 08:58:44'),(32,'nulla','1979-06-23 03:31:42','1972-06-21 21:21:52'),(33,'quam','1982-05-24 23:46:13','2000-04-05 04:51:45'),(34,'architecto','2013-09-13 20:27:45','1981-01-20 08:51:53'),(35,'non','1974-12-10 13:15:40','1984-03-28 11:11:12'),(36,'dignissimos','2007-03-01 04:02:55','1993-06-05 02:02:12'),(37,'exercitationem','1973-01-05 05:50:33','1972-12-03 21:59:29'),(38,'quibusdam','2015-05-06 23:18:53','1983-07-28 18:45:35'),(39,'dolorum','2002-08-26 16:30:25','1975-05-29 15:00:36'),(40,'maxime','1981-07-14 05:47:19','2000-07-16 04:18:03'),(41,'quis','1986-03-20 12:47:36','2002-05-27 22:22:31'),(42,'consequatur','2012-10-08 23:17:56','2004-12-21 09:13:56'),(43,'quia','1995-03-24 14:12:39','2002-12-03 11:49:38'),(44,'quod','2016-11-03 12:10:40','2003-05-22 02:40:41'),(45,'neque','1995-09-18 10:07:49','2020-05-11 23:23:50'),(46,'atque','2010-10-27 11:42:12','1983-09-27 08:37:08'),(47,'vero','1975-04-01 06:21:16','1995-01-23 23:38:03'),(48,'deserunt','2007-01-31 01:50:09','1970-04-06 19:10:34'),(49,'rem','1994-04-13 22:35:15','2010-01-24 17:37:57'),(50,'doloremque','1993-11-21 16:46:54','1991-01-28 15:22:01'),(51,'dolores','2006-03-04 08:45:01','1994-08-24 08:37:22'),(52,'harum','2017-06-09 19:00:13','1981-06-23 05:17:05'),(53,'aut','2006-03-28 07:48:33','1979-03-07 16:21:42'),(54,'qui','2000-01-12 08:11:39','2018-03-23 11:33:42'),(55,'ut','2003-12-10 21:50:33','1985-09-04 11:59:49'),(56,'ratione','2014-03-12 19:43:14','1975-05-02 06:51:17'),(57,'quo','1994-08-16 22:07:41','2017-11-26 15:47:47'),(58,'vel','1971-02-19 03:11:39','2006-09-28 18:05:03'),(59,'doloribus','2002-08-26 18:52:23','2000-02-06 10:29:38'),(60,'ipsum','1994-12-02 03:27:45','1976-12-17 04:23:01'),(61,'sapiente','1979-09-11 13:00:58','1979-01-25 23:48:23'),(62,'provident','2009-02-13 22:07:53','1992-05-23 02:56:51'),(63,'veritatis','1975-03-24 00:58:27','2016-02-17 01:01:38'),(64,'perferendis','2000-05-04 00:59:22','2003-03-26 01:23:34'),(65,'blanditiis','2006-11-30 13:54:29','2007-01-07 20:04:59'),(66,'velit','1978-09-08 13:58:54','2020-03-20 13:57:58'),(67,'quae','2012-06-30 08:58:18','2006-01-23 17:12:05'),(68,'officiis','1986-11-08 12:52:37','1974-06-02 08:28:08'),(69,'nisi','2010-05-12 15:00:54','2005-12-28 13:33:22'),(70,'perspiciatis','2006-09-14 08:53:05','1977-04-30 14:48:16'),(71,'molestiae','1979-03-05 20:47:20','1974-10-31 23:20:54'),(72,'temporibus','2013-08-10 00:49:23','1982-08-17 21:21:30'),(73,'omnis','1971-05-07 03:33:41','2019-08-04 23:11:27'),(74,'sint','1987-12-29 04:36:51','1987-01-14 08:33:23'),(75,'nihil','1975-07-05 20:57:06','1993-06-27 19:16:55'),(76,'nam','1977-12-05 20:47:57','1989-11-17 15:15:01'),(77,'deleniti','1992-04-06 06:35:56','1971-10-31 00:12:21'),(78,'occaecati','2009-02-03 08:26:29','1989-12-07 04:15:31'),(79,'vitae','2017-03-31 03:36:21','2003-02-28 11:52:55'),(80,'optio','1979-04-29 08:34:42','2002-11-13 20:39:45'),(81,'repellendus','2010-01-23 00:12:52','2004-03-20 08:09:50'),(82,'recusandae','2018-08-11 13:27:44','1981-03-10 03:11:04'),(83,'modi','2019-03-21 08:01:26','1999-04-04 09:10:42'),(84,'aliquam','1977-10-30 05:58:42','1992-02-16 16:16:41'),(85,'a','2015-03-16 19:14:15','2019-11-29 04:28:19'),(86,'laudantium','1982-06-25 00:23:57','2000-01-24 02:52:58'),(87,'rerum','2013-05-17 23:08:29','2004-09-30 20:59:05'),(88,'eveniet','2021-01-13 12:21:03','2002-07-24 09:16:10'),(89,'repudiandae','2001-04-23 11:00:26','2004-06-04 20:17:50'),(90,'numquam','1976-07-30 13:35:38','1987-09-06 12:32:39'),(91,'unde','1999-12-12 00:46:56','1997-08-13 13:44:05'),(92,'asperiores','1994-10-25 13:27:28','1970-08-04 05:43:29'),(93,'nemo','2009-08-17 15:10:10','1990-06-11 22:19:25'),(94,'ex','1998-01-21 11:07:40','1986-06-28 04:15:59'),(95,'inventore','2000-07-22 11:53:05','1995-09-16 19:40:24'),(96,'voluptate','1988-04-01 17:59:26','1985-05-16 06:30:55'),(97,'dicta','1993-10-13 23:23:55','2018-11-25 11:47:23'),(98,'aliquid','2015-11-17 11:18:04','2007-11-23 08:53:53'),(99,'magni','2005-02-23 02:11:04','1994-02-18 22:12:45'),(100,'autem','1988-11-15 23:33:16','1972-02-12 18:35:01');
/*!40000 ALTER TABLE `media_types` ENABLE KEYS */;
UNLOCK TABLES;

--
-- Table structure for table `message`
--

DROP TABLE IF EXISTS `message`;
/*!40101 SET @saved_cs_client     = @@character_set_client */;
/*!50503 SET character_set_client = utf8mb4 */;
CREATE TABLE `message` (
  `id` int unsigned NOT NULL AUTO_INCREMENT,
  `from_user_id` int unsigned NOT NULL COMMENT 'Ссылка на отправителя сообщения',
  `to_user_id` int unsigned NOT NULL COMMENT 'Ссылка на получателя сообщения',
  `body` text CHARACTER SET utf8mb4 COLLATE utf8mb4_unicode_ci NOT NULL COMMENT 'Текст сообщения',
  `is_important` tinyint(1) DEFAULT NULL COMMENT 'Признак важности',
  `is_deliverd` tinyint(1) DEFAULT NULL COMMENT 'Признак доставки',
  `created_at` datetime DEFAULT CURRENT_TIMESTAMP COMMENT 'Время создания строки',
  `updated_at` datetime DEFAULT CURRENT_TIMESTAMP ON UPDATE CURRENT_TIMESTAMP COMMENT 'Время обновления строки',
  PRIMARY KEY (`id`),
  KEY `from_user_id` (`from_user_id`),
  KEY `to_user_id` (`to_user_id`),
  CONSTRAINT `message_ibfk_1` FOREIGN KEY (`from_user_id`) REFERENCES `users` (`id`),
  CONSTRAINT `message_ibfk_2` FOREIGN KEY (`to_user_id`) REFERENCES `users` (`id`)
) ENGINE=InnoDB AUTO_INCREMENT=101 DEFAULT CHARSET=utf8mb4 COLLATE=utf8mb4_unicode_ci COMMENT='Сообщения';
/*!40101 SET character_set_client = @saved_cs_client */;

--
-- Dumping data for table `message`
--

LOCK TABLES `message` WRITE;
/*!40000 ALTER TABLE `message` DISABLE KEYS */;
INSERT INTO `message` VALUES (1,1,1,'Nesciunt accusamus adipisci aliquam eos quo sed asperiores. Aut vitae sapiente et.',0,0,'2013-11-05 16:11:30','1971-11-04 23:02:53'),(2,2,2,'Sed sit error ratione molestiae unde. Assumenda quod illum fugiat fugit. Cumque omnis dolorum voluptatum.',1,1,'1982-06-28 07:31:39','1971-10-10 20:46:14'),(3,3,3,'Perferendis quis sit laborum. Temporibus accusamus neque sint veritatis. Laudantium unde quas et ut laboriosam voluptatum voluptate. Ut reprehenderit molestiae rerum aperiam perspiciatis in error.',0,0,'1996-07-15 14:59:36','1994-08-04 06:38:00'),(4,4,4,'Expedita est voluptatibus rerum quasi. Ea sed cum voluptatem nulla. Est sint voluptas voluptatem voluptatem. Ea vitae officiis dignissimos tempora.',1,1,'1995-08-03 11:26:24','1999-09-25 19:03:21'),(5,5,5,'Ratione molestiae quaerat porro rem. Sed magni quia nisi eveniet voluptate laborum recusandae. Voluptatem ut ducimus iusto recusandae numquam unde vel reiciendis. Sed quasi laborum sint tempora facere pariatur in blanditiis. Molestias ut et quod ullam perferendis quod.',1,1,'1982-02-20 05:46:14','1971-08-08 03:43:20'),(6,6,6,'Sed impedit numquam cumque eius neque reiciendis et. Repellat vero ducimus sit est quo magni enim. Omnis accusantium consequuntur esse amet aspernatur quia.',0,0,'1982-08-19 09:12:11','1977-06-13 08:23:44'),(7,7,7,'Aut eveniet odio illum odio et. Delectus ratione ea animi eius ut. Est sit doloribus non deleniti magnam ipsa.',0,1,'2019-04-05 21:53:24','1994-07-03 01:23:23'),(8,8,8,'Repudiandae porro rerum et. Illo neque est quaerat. Est eius et aut dicta mollitia. Ex repudiandae saepe quos assumenda aspernatur architecto.',1,0,'1994-10-24 09:05:48','1977-01-04 15:49:52'),(9,9,9,'Non quae qui ut expedita tempora. Blanditiis dolor qui ut vel et.',1,0,'2003-07-13 11:46:50','1985-11-29 12:01:33'),(10,10,10,'At molestiae laboriosam quae vitae non minima. Quo quia illo est voluptas doloribus mollitia deserunt. Quidem dolor error quia voluptate perspiciatis dolorem.',0,1,'1995-10-10 04:50:10','2005-04-13 05:38:31'),(11,11,11,'Adipisci consequuntur reiciendis optio aut est illo. Harum et id qui architecto. Nobis suscipit est et doloremque facilis totam. Iure quae aut sint cupiditate cupiditate.',0,1,'1990-09-06 12:33:21','1988-08-21 07:00:01'),(12,12,12,'Minima nulla eaque qui. Blanditiis voluptatem quae quos perspiciatis beatae reiciendis dignissimos. Excepturi accusantium optio suscipit nihil est ut necessitatibus. Sequi odio aut fugit quia.',0,1,'2008-09-18 04:49:35','2004-10-15 20:38:58'),(13,13,13,'Qui voluptas qui in perferendis. Repellat excepturi dolor consectetur sit error. Aut quas explicabo dolores odio eos dicta tempora amet. Reprehenderit voluptatem earum dignissimos voluptas nostrum esse.',1,1,'1975-03-21 03:28:50','1982-01-27 02:49:30'),(14,14,14,'Ut quas et laudantium consequatur illum voluptate modi. Et sequi consequatur voluptates repudiandae architecto sit repellat perferendis. Consectetur laborum perspiciatis omnis vitae. Minus et error illo ad molestiae.',1,0,'1979-01-08 18:32:56','2003-03-14 19:03:33'),(15,15,15,'Quo corporis numquam ut. Veniam consectetur reprehenderit nesciunt commodi itaque iure.',1,0,'1988-07-24 08:32:09','1984-01-30 00:52:23'),(16,16,16,'Quia atque in est velit temporibus sed. Nesciunt et et facilis facere. Dolorem esse necessitatibus qui. Possimus aut quis nostrum enim.',1,1,'1971-11-24 19:08:52','2012-03-09 04:05:58'),(17,17,17,'Quisquam reiciendis beatae ea quia. Impedit animi et est qui impedit similique reprehenderit. Ducimus qui aut non minima vitae et nemo. Totam quidem molestiae amet libero.',0,0,'1978-06-27 16:53:25','2010-01-28 20:25:17'),(18,18,18,'Nemo qui occaecati dolorum. Eum velit sunt dolores incidunt nisi autem molestiae molestiae. Culpa nihil molestiae a necessitatibus et aliquam at.',1,1,'1984-11-17 00:00:26','2020-09-28 15:26:32'),(19,19,19,'Assumenda nihil ipsum odio in. Molestias velit quia harum accusantium est doloribus saepe quibusdam. Nobis qui adipisci qui reiciendis tempore possimus. Odio et nihil et est et eligendi culpa.',0,1,'1976-02-01 03:41:48','1981-08-08 10:18:05'),(20,20,20,'Magni exercitationem ut eos aperiam dolor quos accusantium. Nihil aut eos est omnis voluptatem voluptatem. Reiciendis sunt dolore esse quidem.',0,0,'1997-09-22 01:19:17','1993-07-08 09:49:35'),(21,21,21,'Fugiat expedita aut explicabo ea maxime esse qui. Vel nesciunt quidem eos debitis corrupti a. Officia impedit saepe ex et repellat officia. Sint qui sint dignissimos.',0,1,'1993-11-16 03:34:54','1982-06-18 23:24:23'),(22,22,22,'Et ea reprehenderit necessitatibus itaque. Vel sunt quis tenetur officia perferendis. Voluptas natus amet eum quos nam earum cupiditate.',0,1,'1992-07-03 00:04:17','1989-08-17 17:35:34'),(23,23,23,'Labore quia omnis et inventore est laboriosam explicabo. Non ut placeat placeat. Labore aut excepturi et et.',1,0,'2001-03-12 14:47:05','1997-09-25 01:25:42'),(24,24,24,'Incidunt fugiat atque rerum accusamus. Dolor qui quisquam quo libero dolores.',1,1,'1998-12-23 22:37:58','1970-02-18 20:48:30'),(25,25,25,'Dignissimos est est harum recusandae rerum voluptatem reprehenderit quidem. Maxime placeat qui velit voluptatem eum et odio. Quis eum exercitationem aspernatur asperiores quaerat eum.',0,1,'2001-03-13 20:28:25','1991-03-18 14:27:06'),(26,26,26,'Et totam harum dignissimos aspernatur voluptatem voluptatem ex. Officia explicabo repellendus libero ea ut nihil. Exercitationem reprehenderit repellat ipsa ex qui eum.',1,0,'2003-04-05 20:43:38','1991-05-14 20:07:36'),(27,27,27,'Quae et aperiam occaecati minus dolorum quas. Accusantium aut veritatis doloremque quaerat molestiae consequatur est. Id quisquam vitae quaerat enim aut quisquam.',0,0,'1987-08-27 07:12:06','1984-03-11 21:15:48'),(28,28,28,'Voluptas dolor architecto quia aspernatur maiores. Voluptatem ducimus sint molestiae adipisci. Aut eaque molestiae error facere amet labore veniam et. Voluptas omnis autem ut itaque.',1,0,'2010-08-27 08:38:08','1994-09-25 21:00:03'),(29,29,29,'Dicta ratione asperiores et pariatur sint. Eveniet quod quam illo. Ratione et porro quo eum iste.',0,1,'2011-10-02 17:24:58','2007-01-19 09:21:36'),(30,30,30,'Et praesentium libero et molestias aut natus. Magnam soluta qui vel ut qui praesentium voluptates. Rerum voluptatem magnam qui sit.',0,1,'2011-05-08 20:55:31','1973-07-23 23:55:05'),(31,31,31,'Ut perspiciatis nulla qui culpa odit nobis dolorum facere. Cum doloremque aperiam quo voluptatum et sed. Qui harum aperiam dicta voluptas aspernatur quaerat dolorum autem. Sunt dolores non iusto molestias.',0,1,'2015-09-18 01:59:09','2016-07-24 23:38:09'),(32,32,32,'Non quisquam deleniti quam veritatis. Eligendi aliquid nostrum voluptas commodi et. Libero qui ullam laborum sint iure saepe iste placeat. Voluptas incidunt et dolor deserunt quibusdam veritatis ipsa.',0,0,'1981-11-23 13:42:39','2006-04-15 11:50:35'),(33,33,33,'Dolor beatae eos eius libero inventore voluptatem accusamus aut. Eligendi est modi voluptatum ut quo nostrum corrupti. Eos repellendus magni modi occaecati omnis ex placeat. Sapiente aliquam suscipit vitae consequatur non.',1,0,'1987-08-04 20:10:50','1997-11-27 14:38:00'),(34,34,34,'Eligendi numquam quaerat magnam quibusdam totam distinctio. A delectus harum id id dolores rerum inventore inventore. Rerum enim voluptatem qui et explicabo eos autem. Doloribus voluptas ad voluptas est voluptas doloribus.',1,1,'2011-06-06 16:19:26','2008-08-26 12:57:47'),(35,35,35,'Molestias qui aliquid blanditiis sed in consequatur aspernatur consequatur. Quia repellendus consequatur omnis architecto. Et animi culpa est labore quidem architecto et. Quia minus eum vel aut expedita perspiciatis. Vero quo laborum omnis debitis tempore.',1,0,'1981-05-04 01:55:40','2017-09-05 22:15:32'),(36,36,36,'Sunt magni vel eligendi aut sint non commodi. Nobis dolor dolor non vero accusantium eaque amet a. Facere quis voluptate corporis error tenetur nobis consequatur. Necessitatibus magni aut nisi eum aut nam omnis.',0,0,'1986-01-13 03:24:28','2003-05-05 21:29:05'),(37,37,37,'Eligendi eum tempora facere sunt optio. Quia aut id aperiam laudantium illum voluptatem magni. Reprehenderit voluptates ex est. Praesentium blanditiis iste quidem perferendis fugit dignissimos.',0,1,'1978-12-15 10:21:49','1978-10-01 05:51:13'),(38,38,38,'Aspernatur ipsum voluptates quia veniam laboriosam doloremque architecto consequatur. Pariatur minus beatae aut quod qui cum. Ullam quidem aspernatur praesentium cupiditate.',1,0,'1993-12-24 02:59:43','2001-11-08 01:02:21'),(39,39,39,'Rem officia laboriosam aspernatur in amet. Similique omnis similique aliquid aperiam possimus. Eligendi deserunt est quae et.',1,0,'2013-06-09 11:13:02','2002-01-08 18:23:01'),(40,40,40,'Fuga harum rerum pariatur magni voluptas quia voluptas. Harum eum minima cupiditate at sit et. Voluptatem voluptatum dicta repellat et ut. Sit facere a nihil ullam adipisci ut enim.',1,0,'2018-01-24 13:42:12','2009-12-12 18:55:00'),(41,41,41,'Molestiae sapiente culpa ut nam vel aut voluptatem. Dolor iste ipsa quasi sed ut ut. Et eius possimus molestiae ducimus animi consequatur quia. Exercitationem consectetur explicabo ut facilis quibusdam.',1,1,'2012-04-06 15:05:54','1978-08-09 16:49:58'),(42,42,42,'Quia aut totam nisi reiciendis vitae minus iusto. Eaque aperiam sed nulla quisquam esse quidem earum. Et quam et dolores. Maiores voluptatem eos nihil quas in aut. Autem laboriosam praesentium ipsum culpa et temporibus.',0,1,'2002-10-05 01:44:44','1971-09-13 19:14:51'),(43,43,43,'Impedit dolor ad at asperiores dolores. Et illo omnis rerum deleniti. Id tempora quibusdam mollitia tempore fugit. Quo et sit aut nesciunt est.',1,1,'1987-09-05 05:41:03','1976-12-20 02:05:32'),(44,44,44,'Excepturi nulla et iure totam aut sit. Corporis qui voluptatem quibusdam itaque quas ut ratione. Temporibus asperiores expedita amet sint dolores exercitationem. Consequatur est sint explicabo corrupti provident suscipit.',1,1,'1973-12-05 13:37:45','1999-04-07 23:02:06'),(45,45,45,'Rerum similique dignissimos voluptate optio voluptas perferendis. Sit est qui ut. Est assumenda sint veritatis est rerum nisi culpa.',0,1,'2015-04-25 03:10:11','2004-01-18 07:25:12'),(46,46,46,'Dolore dignissimos illo tempore laboriosam et consectetur tempore expedita. Occaecati vel ipsum et rerum dolorem. Est non a quod accusantium quia. Eum qui facilis maiores esse harum suscipit natus voluptatem.',0,0,'1973-05-03 21:59:34','2020-10-28 09:05:53'),(47,47,47,'Amet illo possimus facilis nobis. Recusandae ut suscipit recusandae dicta. Totam sint consequatur quidem vel voluptatem.',0,1,'1990-08-09 04:34:04','2005-04-27 03:07:30'),(48,48,48,'Veritatis suscipit perferendis id deleniti. Non rem saepe ea nemo. Id quis architecto possimus rem enim voluptates ullam dolorem.',1,1,'2011-10-07 21:45:12','2012-08-18 11:47:04'),(49,49,49,'Similique deleniti in asperiores nobis occaecati soluta. Et in earum et est facilis et. Facilis error est ipsum ex dolores porro quisquam dolor.',1,0,'1996-11-09 13:34:08','1999-05-27 02:18:14'),(50,50,50,'Recusandae id nam officia excepturi illum vel quis est. Dolorum dolores beatae eum vero sint cum. Iste temporibus labore quia adipisci. Modi exercitationem sit ipsum adipisci aut ratione placeat.',1,0,'1981-07-24 17:13:41','2013-08-23 21:31:36'),(51,51,51,'Repellendus magnam dolorem eos. Eos sint illo aperiam quibusdam voluptas aspernatur. Omnis delectus in et illum.',0,1,'1988-06-29 08:32:20','2008-05-07 10:37:23'),(52,52,52,'Assumenda nesciunt officiis quo. Quis quas est amet quis ea voluptate magni. Est illum in quo a voluptates nostrum dolores.',0,1,'1971-05-07 08:21:47','1984-01-16 11:45:11'),(53,53,53,'Quis eveniet voluptate fuga dolorem ullam placeat. Accusamus totam itaque doloribus. Dignissimos quidem ut aliquam. Doloremque impedit aut aut facilis.',0,1,'1995-11-21 02:24:21','2020-02-13 16:20:46'),(54,54,54,'Aut accusantium ut aliquam quasi reiciendis nihil. Veritatis omnis itaque sint molestiae rem. Molestiae illo magni voluptatem laborum. Voluptatem possimus dignissimos est aliquam ut amet quasi. Saepe ratione accusantium inventore qui sed veniam.',0,1,'1977-12-31 01:09:48','2018-07-17 20:09:43'),(55,55,55,'Facilis sed nam possimus numquam numquam. Adipisci voluptatum cupiditate quis voluptatem illo.',0,1,'1998-12-21 21:08:59','1970-03-17 19:09:04'),(56,56,56,'Et expedita aut aut quibusdam delectus dolorem. Velit laudantium id nihil nihil est. Reprehenderit maiores et magnam repudiandae. Reiciendis doloremque et repellendus consectetur rerum ex.',0,0,'2009-01-11 16:57:44','1978-07-05 12:00:51'),(57,57,57,'Sint libero saepe qui ab. Et totam repudiandae molestias enim occaecati. Nihil placeat sed eum sapiente explicabo.',1,1,'1976-07-23 08:20:25','1989-08-10 17:39:50'),(58,58,58,'Magni quia facilis earum optio consequatur. Ut molestiae voluptate quae in.',1,0,'2021-02-05 02:56:50','2001-05-05 05:51:01'),(59,59,59,'Culpa velit aut est quia quis corrupti vel. Dolorum cupiditate ex in. Fuga qui aliquid sit.',1,1,'1986-08-25 02:35:49','1973-03-17 05:45:55'),(60,60,60,'Et autem voluptatem accusamus reiciendis. Voluptas aut distinctio quaerat eveniet dolores autem. Iure sit sapiente quia ipsam. Quia molestiae amet aperiam ducimus animi dolorum.',1,0,'2009-12-10 16:28:56','2016-08-10 01:23:04'),(61,61,61,'Rerum et est fugiat tenetur quibusdam omnis. Magnam quisquam sapiente vitae officiis qui expedita. Voluptas sapiente est et qui nam.',0,1,'1977-05-26 00:35:08','1975-10-24 22:08:55'),(62,62,62,'Voluptas dolorem officiis eius. Quasi inventore harum architecto illum nostrum cumque. Consequuntur occaecati totam similique modi distinctio molestiae.',1,1,'1998-05-28 02:23:39','2014-03-02 05:12:32'),(63,63,63,'Odio non eos ea fugit veniam. Eos eos ut explicabo exercitationem consequatur qui dolor. Ut eligendi voluptatem similique sint. Asperiores aspernatur et velit accusantium placeat. Unde dolorum possimus consequatur inventore deleniti natus doloribus nulla.',1,1,'2003-01-30 21:35:38','2018-10-04 18:00:38'),(64,64,64,'Nostrum ducimus molestias ea eum similique omnis soluta. Officia voluptatem laborum iste labore architecto nulla nobis. Qui neque facilis voluptatem in temporibus.',0,1,'2020-03-24 00:09:00','1978-05-08 13:32:09'),(65,65,65,'Non blanditiis odio quia ut quibusdam incidunt. Sed et repellendus quis ut necessitatibus quaerat ut. Laudantium sint debitis dolor doloremque.',1,1,'1991-02-14 21:16:34','2006-11-30 14:10:44'),(66,66,66,'Dolores tenetur ducimus ad voluptatem eaque vero tenetur. A molestias ad sit aut. Illo sed libero ab. Ut voluptas quaerat dolores qui ullam voluptas dolorem reiciendis.',0,1,'1999-12-09 15:22:58','2021-01-05 23:27:03'),(67,67,67,'Et quo sit quis. Dolores tempora qui voluptas numquam perspiciatis maxime. Aut non quis quia aperiam.',1,1,'2000-12-26 00:19:25','1995-06-21 03:11:05'),(68,68,68,'Et earum nihil maiores et dolores quae. Nam dicta magnam quia et. Expedita aut id earum aspernatur dolores impedit. Harum vitae soluta labore sunt alias est quae voluptatem.',1,0,'1997-11-17 08:24:03','1995-01-19 18:38:00'),(69,69,69,'Dolores aut dolor est ex. Nostrum dolores beatae error omnis saepe. Molestiae recusandae enim minima odit rerum error excepturi.',0,1,'2014-01-24 13:42:30','1996-09-07 21:30:39'),(70,70,70,'Voluptatum et qui voluptas voluptatem impedit ut. Ipsa et et veritatis. Iure maiores provident quis omnis.',0,1,'2017-02-28 15:57:21','1977-01-02 14:20:30'),(71,71,71,'Omnis voluptatem ea est sunt et quos. Harum omnis aut iusto et totam dolor ut. Iste quis eos quia velit. Iusto cupiditate odio aut mollitia quis pariatur aut.',1,0,'2011-12-10 22:38:01','2008-05-10 10:14:45'),(72,72,72,'A qui nobis veritatis quam magni accusantium. Illo reiciendis rem vero ipsum non maiores earum quibusdam. Suscipit voluptate dignissimos eum odio. Saepe quaerat repudiandae molestiae sed saepe tempora.',1,1,'1996-11-02 09:54:33','1997-06-30 17:00:02'),(73,73,73,'Minima maxime eveniet et porro repellendus necessitatibus. Minus voluptates cum cupiditate aut impedit. Molestiae cum natus pariatur neque.',1,1,'2018-09-28 18:19:41','1979-09-30 09:16:46'),(74,74,74,'Perspiciatis voluptatem ea voluptatem cumque. Velit nostrum adipisci qui vel asperiores nam voluptates. Et voluptas ab nemo atque quis. Quaerat aliquam sequi qui molestiae autem qui odit. Sit sapiente impedit praesentium voluptatum et.',0,0,'1987-07-26 09:36:24','2015-06-13 19:22:59'),(75,75,75,'Non qui praesentium ut eveniet. Quod dolorum vel libero veritatis. Nobis quis exercitationem et voluptatem earum beatae.',1,1,'1979-12-19 00:08:13','1980-09-09 21:11:15'),(76,76,76,'In facere molestiae voluptatem veritatis rerum ad beatae. Excepturi eos culpa et ipsum ratione voluptatem facilis adipisci. Laborum voluptatem et eveniet qui quo dolores.',0,0,'2000-12-14 16:57:53','1970-06-08 22:02:12'),(77,77,77,'Fugiat natus exercitationem at culpa explicabo et molestiae. Qui minima vel praesentium doloremque. Minus eius quaerat quas facilis. Occaecati non praesentium labore aut omnis ut.',1,0,'1987-12-29 12:28:02','1970-08-06 01:11:33'),(78,78,78,'Velit voluptate aliquam laudantium doloremque nobis voluptatibus nihil. Quibusdam veniam amet illum qui pariatur reiciendis deserunt. Quasi ut minima nobis saepe laborum.',0,0,'1991-06-17 03:39:58','1983-11-12 03:43:53'),(79,79,79,'Eaque incidunt quos numquam ab iure. Nemo officiis quia eum eveniet et aut similique. Minus necessitatibus consequatur tenetur ducimus cum.',1,0,'2020-12-27 15:42:23','2016-11-24 05:17:22'),(80,80,80,'Nostrum libero earum incidunt fuga ad accusamus dolores. Aut est perferendis placeat reiciendis commodi et officiis. Perferendis rerum maiores dicta qui id. Dolor ex ut totam voluptatem modi consequatur ea. Non sequi vel maiores laborum dolorum voluptas.',0,0,'2016-01-09 06:46:25','1978-12-13 11:24:25'),(81,81,81,'Ipsum ad et eligendi voluptatem. Nulla qui distinctio blanditiis. Cupiditate numquam et iure dolorem. Voluptatem non sed dignissimos qui molestiae eos.',1,1,'1976-03-15 17:12:59','2013-08-10 09:22:56'),(82,82,82,'Quia id nam reprehenderit omnis dolor rerum architecto. Est rem placeat labore quidem. Eius eaque asperiores et ab sunt veniam. Hic officia quo quo distinctio quaerat ipsam rem.',0,0,'1996-02-17 01:28:22','2012-06-22 05:02:55'),(83,83,83,'Est repudiandae voluptates velit voluptatem. Quo velit necessitatibus et ut provident eaque. At repellendus repellat soluta voluptates eius. Excepturi quo rem ut saepe nesciunt quod autem.',0,0,'1971-10-08 14:34:07','2019-03-08 23:05:08'),(84,84,84,'Commodi perspiciatis numquam corrupti enim minima. Rem at id qui dicta accusantium dignissimos. Aut voluptatum porro molestiae quia sint dolore.',0,1,'2008-09-28 01:46:21','2002-12-03 18:55:13'),(85,85,85,'Totam nulla velit placeat accusantium placeat. Vitae nostrum in totam repellendus. Quaerat magni assumenda assumenda optio.',1,0,'1992-11-10 01:47:23','1979-05-05 17:43:30'),(86,86,86,'Dolores et eos quisquam aut necessitatibus. Quo doloribus harum ea nisi quaerat deserunt doloremque. Est tenetur officiis qui delectus molestias rerum.',0,0,'1992-08-18 21:57:56','2000-07-29 08:12:47'),(87,87,87,'Voluptas dolor consequatur praesentium debitis. Nisi eum reprehenderit rerum ut vel sint. Est omnis quibusdam a dicta pariatur. Dicta repellat iure qui et cumque nihil quia.',1,0,'2003-08-08 19:36:06','1984-12-07 09:52:28'),(88,88,88,'Voluptatem rerum dignissimos sed. Aut qui facere numquam reprehenderit nihil voluptatum. Quas voluptatem pariatur quis sit et ea ad.',1,0,'2020-07-19 13:15:21','2020-01-05 16:01:20'),(89,89,89,'Totam voluptatem placeat qui in eius ea. Veritatis soluta eum voluptas commodi asperiores officia sunt. Minima ut neque quae sit ipsa quae.',1,0,'1998-09-24 00:34:16','1976-08-27 14:51:03'),(90,90,90,'Nisi aut ut nemo repellat in ipsa ut. Assumenda voluptatem magnam perspiciatis aspernatur. Aut et culpa et in quos consequatur praesentium. Voluptatem explicabo qui et vitae quia impedit esse vel.',1,1,'1978-01-13 06:43:39','2018-06-23 09:33:24'),(91,91,91,'Cum deleniti laborum quo ratione. Nisi quo modi quis provident nulla consequatur aspernatur rerum. Facilis laudantium nulla et necessitatibus aspernatur.',0,1,'2006-08-03 01:27:44','1985-12-09 03:53:30'),(92,92,92,'Sint accusamus porro voluptatem ea. Quo sint dolor veritatis molestiae nihil atque dolores et. Placeat est ut non occaecati vel quia.',1,0,'1989-03-24 21:47:20','1985-11-12 08:08:44'),(93,93,93,'Accusamus accusamus eum sint praesentium molestiae aliquam. Occaecati dolores quod vitae debitis et laboriosam velit. Doloribus tempora maiores dolorum eaque molestiae.',0,0,'2013-04-06 07:09:45','1995-08-11 07:01:34'),(94,94,94,'Aut animi vitae omnis error molestias accusantium sed. Dolore deleniti vel sapiente eligendi quam. Voluptatem non vero porro fugit voluptate delectus et adipisci. Deserunt odit est est vero nemo sed qui.',0,1,'2017-06-28 08:59:16','1974-03-02 07:09:21'),(95,95,95,'Nihil nobis magnam quia amet nemo. Voluptatum veritatis molestiae vitae aut id. Et voluptatum voluptatibus similique laborum doloribus distinctio. Velit libero qui eligendi voluptatum ipsum atque. Voluptas quasi nesciunt veniam numquam illo.',0,1,'2005-09-28 02:33:51','1999-06-24 09:17:19'),(96,96,96,'Ut quae adipisci deleniti soluta et iure. Molestias similique enim nihil quam et voluptas voluptas. Rerum maxime eos debitis voluptatem voluptatem.',1,0,'2016-10-30 19:42:18','1975-10-17 17:30:31'),(97,97,97,'Vero assumenda non omnis voluptates aperiam saepe impedit. Labore ipsam consectetur velit nobis inventore. Aut repudiandae quos et possimus voluptates similique et ea. Eum provident asperiores praesentium voluptas. Et repellat explicabo et officiis adipisci voluptatem eaque modi.',0,1,'1996-02-10 22:44:27','1971-09-23 05:08:15'),(98,98,98,'Dolore quas nihil a omnis. Eveniet velit corporis aut sunt sunt veritatis qui. Sit maiores a voluptatum illo.',1,1,'2003-09-16 14:25:53','2004-05-07 15:17:53'),(99,99,99,'Dolor natus doloribus aperiam accusamus earum. Et dolorum voluptatem nam eum voluptas. Voluptas explicabo odit ut labore aut dolorum.',1,1,'2011-09-25 02:51:47','1988-04-19 18:31:33'),(100,100,100,'Sint voluptatem delectus ut. Consequatur in ea tempora nobis nobis ipsum tempore. Expedita expedita nihil molestiae aut beatae cumque eum. Iure delectus sit quia suscipit hic quod rem.',1,0,'1982-12-20 23:43:52','2004-10-07 06:37:38');
/*!40000 ALTER TABLE `message` ENABLE KEYS */;
UNLOCK TABLES;

--
-- Table structure for table `profiles`
--

DROP TABLE IF EXISTS `profiles`;
/*!40101 SET @saved_cs_client     = @@character_set_client */;
/*!50503 SET character_set_client = utf8mb4 */;
CREATE TABLE `profiles` (
  `user_id` int unsigned NOT NULL,
  `gender` char(1) CHARACTER SET utf8mb4 COLLATE utf8mb4_unicode_ci NOT NULL,
  `birthday` date DEFAULT NULL,
  `photo_id` int unsigned DEFAULT NULL,
  `status` varchar(30) CHARACTER SET utf8mb4 COLLATE utf8mb4_unicode_ci DEFAULT NULL,
  `city` varchar(130) CHARACTER SET utf8mb4 COLLATE utf8mb4_unicode_ci DEFAULT NULL,
  `country` varchar(130) CHARACTER SET utf8mb4 COLLATE utf8mb4_unicode_ci DEFAULT NULL,
  `created_at` datetime DEFAULT CURRENT_TIMESTAMP COMMENT 'Время создания строки',
  `updated_at` datetime DEFAULT CURRENT_TIMESTAMP ON UPDATE CURRENT_TIMESTAMP COMMENT 'Время обновления строки',
  PRIMARY KEY (`user_id`),
  CONSTRAINT `profiles_ibfk_1` FOREIGN KEY (`user_id`) REFERENCES `users` (`id`) ON DELETE CASCADE ON UPDATE CASCADE
) ENGINE=InnoDB DEFAULT CHARSET=utf8mb4 COLLATE=utf8mb4_unicode_ci COMMENT='Профили';
/*!40101 SET character_set_client = @saved_cs_client */;

--
-- Dumping data for table `profiles`
--

LOCK TABLES `profiles` WRITE;
/*!40000 ALTER TABLE `profiles` DISABLE KEYS */;
INSERT INTO `profiles` VALUES (1,'','1993-07-06',NULL,'Non illo eum nihil. Quaerat do','Port Dario','743','2006-03-08 06:43:15','1975-10-20 01:56:33'),(2,'','2006-09-18',NULL,'Ullam itaque ea in officia mol','Colemouth','532','2012-03-10 12:54:14','1987-03-24 05:36:04'),(3,'','2010-01-21',NULL,'Omnis laudantium et nisi. Pari','Port John','728','2015-06-29 02:02:26','1987-06-18 13:00:51'),(4,'','1998-06-11',NULL,'Voluptatem voluptatem et odio ','North Pauline','6322543','1977-02-02 11:32:40','1994-09-05 13:52:08'),(5,'','2018-09-15',NULL,'Repellat rem libero tempora co','East Clemens','17435390','2020-07-11 09:40:53','2020-04-01 00:27:59'),(6,'','1976-06-08',NULL,'Repellendus corporis sit culpa','New Naomi','569919','1995-03-30 04:44:48','1978-02-12 02:26:02'),(7,'','1998-09-23',NULL,'Sequi esse deserunt consequatu','Herbertberg','84','1976-10-26 02:01:56','2012-04-19 15:03:52'),(8,'','1994-12-30',NULL,'Rerum quasi neque natus dolore','Kingburgh','9','1980-04-02 11:37:16','2017-06-28 01:59:28'),(9,'','1972-06-09',NULL,'Odio labore reiciendis facere ','Kesslerland','437039','2017-06-28 17:27:42','1998-02-22 05:18:56'),(10,'','2014-06-17',NULL,'Ut amet enim voluptate possimu','Lindland','4','2019-05-24 12:00:42','1982-07-25 14:00:26'),(11,'','1986-11-30',NULL,'Aliquam temporibus fugiat exce','Handmouth','470','1977-01-27 18:20:24','1998-10-26 12:46:00'),(12,'','2006-11-13',NULL,'Fuga autem id sit accusamus. L','Langoshside','761','2000-03-18 04:33:50','1994-04-12 13:45:49'),(13,'','1972-08-13',NULL,'Repudiandae expedita veritatis','South Erinville','391723254','1970-11-01 21:24:20','1982-02-28 15:30:43'),(14,'','1991-05-06',NULL,'Pariatur quis aut quibusdam in','West Imamouth','58084','2017-03-07 06:01:38','2002-02-05 16:37:47'),(15,'','2017-02-20',NULL,'Ut doloribus temporibus pariat','North Bridget','3359708','2006-06-28 02:50:14','2009-09-02 10:02:01'),(16,'','1988-03-21',NULL,'Ut doloremque et neque error. ','West Uniquemouth','982462989','1990-01-01 03:46:50','2015-11-30 07:35:33'),(17,'','2000-09-04',NULL,'Odio et nulla error non. Disti','South Othaside','974061','1976-07-23 18:39:51','1990-01-04 20:30:22'),(18,'','1984-07-15',NULL,'Voluptatem et qui facere id ex','North Noramouth','61405','1993-01-10 03:19:55','2011-01-27 12:58:25'),(19,'','2004-03-10',NULL,'Fuga quo modi asperiores nobis','Helenehaven','3852461','2009-02-09 20:46:25','2018-08-08 01:29:10'),(20,'','1981-06-12',NULL,'Laboriosam maxime iusto aut si','Javonteton','37','2015-04-15 18:31:00','2009-12-04 17:11:30'),(21,'','2005-08-06',NULL,'Magnam facilis est officiis om','South Wendy','48315','2003-10-22 16:01:38','1985-08-22 03:10:30'),(22,'','1980-01-23',NULL,'Id vel fugit deleniti maxime f','Kaelynmouth','62786095','1982-09-19 20:05:53','1987-09-22 03:42:32'),(23,'','1983-03-19',NULL,'Qui nam et illo voluptates est','Adamport','532','2019-04-11 03:10:20','2015-12-22 06:21:32'),(24,'','1981-03-11',NULL,'Aut odit perspiciatis porro ni','New Terrillborough','566528957','1993-03-17 12:14:52','1990-03-12 17:54:31'),(25,'','1993-01-25',NULL,'Modi maiores maxime ut fugiat.','Lake Shayna','19709','2008-10-08 05:54:35','1979-03-07 11:15:29'),(26,'','2006-05-13',NULL,'Dignissimos et incidunt velit.','Lake Armandchester','5890','1972-08-08 12:44:25','2008-07-23 18:19:05'),(27,'','1978-11-02',NULL,'Occaecati temporibus id iusto ','Juwanmouth','453777','2018-08-05 14:13:24','1987-01-02 12:12:07'),(28,'','1972-08-15',NULL,'Quo nesciunt quam debitis veli','South Paula','','2014-07-15 22:32:57','1978-05-13 20:13:04'),(29,'','2005-01-22',NULL,'Voluptatum ex expedita eos vol','Lake Bridie','96','2007-06-10 19:33:48','1972-01-23 17:58:21'),(30,'','2009-10-12',NULL,'Maxime autem qui eligendi beat','Grantview','90','2000-07-24 15:36:30','2000-03-28 04:07:44'),(31,'','2004-12-01',NULL,'Qui culpa non nostrum non veli','Harberton','','2009-01-27 04:20:55','1984-04-12 22:15:35'),(32,'','2018-06-18',NULL,'Hic aliquid consectetur ex vol','West Dejaland','392','1981-10-15 22:24:34','1985-11-04 00:03:30'),(33,'','1972-02-08',NULL,'Vel qui veniam nesciunt facere','Port Aliciaville','528','1983-05-08 17:50:54','2021-04-09 08:33:56'),(34,'','2002-03-08',NULL,'Sit placeat cum eius est minim','New Austen','7','1972-11-02 15:39:49','2020-06-19 17:31:00'),(35,'','1981-01-08',NULL,'Quia rerum vel dolor. Ex deser','Heathcoteville','62','2020-11-09 21:41:04','2004-05-09 15:26:19'),(36,'','1987-06-25',NULL,'Aut et mollitia molestias est ','South Mauricioshire','664301373','1975-12-11 02:37:20','1980-10-24 01:15:07'),(37,'','1975-01-12',NULL,'Dolor est nemo et placeat quas','Johnniehaven','7703117','1999-05-05 14:15:28','1999-01-16 23:05:40'),(38,'','1981-07-18',NULL,'Sint provident enim unde qui s','East Raina','1','1979-09-01 16:05:44','1980-03-18 11:27:57'),(39,'','1977-04-28',NULL,'Deserunt iusto repellat est mo','East Ena','800070','1989-11-04 01:51:49','1992-04-15 06:16:28'),(40,'','2009-07-01',NULL,'Omnis asperiores laboriosam ex','West Amiya','','1996-04-01 11:39:33','1986-08-13 01:11:50'),(41,'','2008-08-28',NULL,'Fuga a praesentium similique m','New Naomie','27','1979-06-17 16:43:00','1981-03-02 20:11:41'),(42,'','1985-08-18',NULL,'Qui et nisi ipsam assumenda ex','Nyasiafurt','1','2006-11-26 02:24:29','1989-12-18 14:39:33'),(43,'','1981-03-10',NULL,'Voluptatum a inventore soluta ','Lake Garrickfort','5184982','2005-12-03 02:04:07','2008-09-15 23:45:30'),(44,'','2015-04-28',NULL,'Et id qui nemo ut dolor eum. E','Runolfssonborough','869','1980-03-27 02:12:13','2003-07-16 22:55:37'),(45,'','1990-12-25',NULL,'Vero eos quia id sit sed. Cum ','Pearlineberg','1901','1985-03-02 07:21:07','1991-08-01 14:17:33'),(46,'','2018-06-30',NULL,'Aut ea ut esse odit repudianda','Lindgrenborough','7386804','2006-01-02 20:50:41','2015-03-15 20:31:22'),(47,'','2012-12-13',NULL,'Quia aperiam fugiat dolorem. A','Lake Freddy','673371953','1975-05-05 04:41:08','1980-11-02 22:24:01'),(48,'','1988-09-13',NULL,'Placeat laborum illo quis unde','Destineeborough','112','1978-02-22 15:02:34','1994-12-06 22:58:58'),(49,'','2010-04-03',NULL,'Laboriosam enim recusandae lab','Uptontown','174128594','1978-09-05 06:35:57','1971-08-13 19:07:02'),(50,'','1994-03-31',NULL,'Provident voluptatem rerum omn','Kristofermouth','49154','1973-10-16 20:00:02','2019-09-16 23:34:20'),(51,'','2012-01-20',NULL,'Blanditiis aut et odio est quo','Cliftonburgh','616583004','2014-03-06 23:19:51','2017-03-25 07:27:17'),(52,'','1978-03-16',NULL,'Facilis iusto laudantium volup','Schoenmouth','2224262','1977-09-03 17:23:31','1970-06-17 17:19:52'),(53,'','2011-02-22',NULL,'A unde ea voluptatem hic. Quis','South Zoie','7365','1977-08-24 04:56:41','1981-08-11 16:07:48'),(54,'','1976-09-21',NULL,'Facilis deleniti in odit non h','Judgefort','4937','2011-11-09 18:44:35','1971-07-06 21:28:00'),(55,'','1986-01-30',NULL,'Ab amet temporibus sed incidun','Ornville','99928','2010-12-27 15:18:09','2003-12-03 03:55:53'),(56,'','1989-07-04',NULL,'Repellat repudiandae velit fac','New Efrain','4221','2016-02-27 00:58:52','1983-04-20 01:38:21'),(57,'','1991-03-28',NULL,'Suscipit excepturi eos eum sun','West Alexandreaborough','','2014-08-31 13:38:31','2017-11-23 08:08:32'),(58,'','1997-04-26',NULL,'Illo qui doloribus et rerum as','Maximilliaburgh','576','1974-11-11 10:50:02','2013-01-04 15:52:30'),(59,'','1971-08-20',NULL,'Sit corporis similique et ea. ','South Maximo','','2005-08-22 13:36:41','2000-08-14 04:42:32'),(60,'','1983-08-29',NULL,'Ut velit provident rem ut ea e','Danykaborough','771','1989-07-19 21:11:04','1985-03-14 00:14:57'),(61,'','2013-12-06',NULL,'Quia accusamus sit quam. Sequi','South Joshport','30447631','2010-05-26 07:18:11','1988-10-01 21:41:21'),(62,'','2016-10-07',NULL,'Aspernatur velit doloribus des','Alizaville','6','1990-10-01 13:34:21','1976-10-28 08:30:59'),(63,'','2021-01-07',NULL,'Consequatur minus atque et dis','West Daryl','947811','1972-02-16 01:28:15','1986-12-09 17:52:13'),(64,'','2008-12-20',NULL,'Ratione est id ipsum omnis occ','Weberville','68586','1998-05-09 07:22:17','2002-06-07 23:05:20'),(65,'','2016-03-20',NULL,'Nemo blanditiis temporibus qui','Schillerburgh','79442','1975-06-25 02:18:58','1995-10-17 03:55:40'),(66,'','2010-11-19',NULL,'Id repellendus eum autem solut','Lake Nikita','697763','2010-06-21 01:41:12','1982-07-16 22:01:24'),(67,'','2012-05-05',NULL,'Ipsum minima exercitationem ve','East Jo','4','2016-10-24 17:20:17','1991-10-16 15:11:41'),(68,'','2019-07-13',NULL,'Laborum molestias asperiores t','New Era','41475','2011-05-12 01:25:02','1990-06-23 17:00:13'),(69,'','2005-06-09',NULL,'Dolorem praesentium quasi sed ','Port Clint','','1991-10-12 13:41:48','2000-12-07 11:27:59'),(70,'','1995-04-03',NULL,'Recusandae possimus hic dicta ','Gregmouth','8397','1987-11-04 11:50:25','1982-11-02 07:03:32'),(71,'','2001-06-10',NULL,'Aut consequatur doloremque pla','West Eulahview','710','2001-02-16 14:28:40','2005-11-05 01:25:09'),(72,'','2008-09-16',NULL,'Ex sed tenetur enim ad. Sint s','Lillianaborough','8814923','2003-10-27 16:09:25','1992-01-01 13:49:41'),(73,'','2013-09-02',NULL,'Error debitis maiores officia ','Kundeside','671','2005-04-05 16:56:05','1982-02-26 19:30:13'),(74,'','1974-04-04',NULL,'Recusandae et necessitatibus q','New Bernitaville','997833781','1984-09-29 05:17:05','1999-06-29 14:14:51'),(75,'','1982-03-02',NULL,'Asperiores amet repellendus od','Sageland','5865','1983-11-30 19:15:31','1985-07-24 05:30:10'),(76,'','2004-09-09',NULL,'Consequatur quibusdam libero q','Magdalenfurt','834719286','2010-03-26 09:12:40','2010-08-12 04:29:58'),(77,'','1973-08-31',NULL,'Voluptas et fugit temporibus s','Mosesburgh','3349','1987-11-23 08:26:44','1991-05-19 06:09:36'),(78,'','1978-01-31',NULL,'Alias ut veritatis voluptas el','Filibertofort','672','2009-03-03 06:07:13','2010-12-30 06:51:34'),(79,'','1976-10-15',NULL,'Id fugiat non ab nam qui ullam','Wiegandhaven','3','1990-06-15 13:16:01','2010-09-13 12:21:55'),(80,'','1971-02-14',NULL,'Ea voluptas facere eos sunt. N','Hicklechester','2','1972-04-29 00:30:00','2003-07-13 20:03:53'),(81,'','2017-08-27',NULL,'Voluptatem aliquam saepe odit ','Mathiasfort','8039','2001-11-18 09:30:58','1993-01-02 07:06:49'),(82,'','2001-10-29',NULL,'Recusandae molestiae maxime sa','East Omertown','1','2005-04-08 08:40:03','1984-12-29 18:48:58'),(83,'','1995-06-11',NULL,'Laboriosam quod molestiae offi','Port Edwardstad','6','1970-01-03 20:42:06','1994-05-22 11:35:39'),(84,'','2010-05-07',NULL,'Culpa sint rem adipisci sapien','West Theodoreshire','5','1971-01-28 20:05:53','1978-03-08 13:23:19'),(85,'','2014-05-20',NULL,'Quod sequi labore quae aut. Ve','North Estefania','8146','1981-08-07 12:43:57','1996-11-10 14:52:43'),(86,'','1978-06-30',NULL,'Cumque nobis necessitatibus ad','Port Concepcion','333570741','2017-12-07 08:44:03','2017-06-02 14:42:12'),(87,'','2008-07-02',NULL,'Eum consectetur consequuntur v','South Edmundhaven','','1976-11-21 14:32:58','2013-01-31 12:02:47'),(88,'','2009-02-25',NULL,'Eaque aut magnam ea autem fugi','West Joesph','6','2014-10-30 01:02:01','2019-08-30 08:02:05'),(89,'','1994-10-01',NULL,'Expedita voluptas tempora magn','East Daphney','539988807','2012-04-05 10:21:33','1994-06-29 03:42:38'),(90,'','2013-01-03',NULL,'Illo dolorum accusamus quas pe','Port Ewell','8657709','2014-05-12 19:31:06','1971-06-14 13:57:54'),(91,'','1996-12-18',NULL,'Ut eum ad ipsa quos ab. Aliqui','Gislasonfurt','','2006-10-13 11:16:47','1981-01-05 20:20:49'),(92,'','2001-07-29',NULL,'Dignissimos quasi harum ut. Mi','Rogerhaven','7','1991-09-11 10:27:15','1999-12-01 20:48:06'),(93,'','1986-06-21',NULL,'Alias aspernatur minima dignis','Hesselfort','418412534','2013-01-21 06:07:23','1982-05-07 06:33:34'),(94,'','2009-11-19',NULL,'Accusamus nulla et quam aliqua','Francesside','','1985-10-23 12:24:41','1976-03-01 00:13:45'),(95,'','2009-03-02',NULL,'Quae quis et qui voluptas numq','East Adriana','4280457','1983-12-22 03:56:17','2012-04-24 00:36:43'),(96,'','1994-04-06',NULL,'Odio quia soluta consequatur c','Port Micheleburgh','9380925','1995-05-05 19:01:17','1983-03-09 06:30:04'),(97,'','1986-01-30',NULL,'Quisquam dolorum quaerat aut d','Lake Jerrod','726378954','2005-07-03 18:18:05','1974-07-31 17:17:28'),(98,'','2015-02-19',NULL,'Quisquam quos ut non quibusdam','North Montanaville','56','1987-12-17 11:16:43','2021-04-17 23:50:20'),(99,'','2009-03-21',NULL,'Perspiciatis ea explicabo qui ','Larsonburgh','','1977-09-25 00:27:52','1987-10-04 03:02:48'),(100,'','1998-10-04',NULL,'Quam nesciunt voluptatem est n','Lake Alec','973','1993-09-08 02:31:17','2010-01-09 19:02:08');
/*!40000 ALTER TABLE `profiles` ENABLE KEYS */;
UNLOCK TABLES;

--
-- Table structure for table `users`
--

DROP TABLE IF EXISTS `users`;
/*!40101 SET @saved_cs_client     = @@character_set_client */;
/*!50503 SET character_set_client = utf8mb4 */;
CREATE TABLE `users` (
  `id` int unsigned NOT NULL AUTO_INCREMENT,
  `first_name` varchar(100) CHARACTER SET utf8mb4 COLLATE utf8mb4_unicode_ci NOT NULL COMMENT 'Имя пользователя',
  `last_name` varchar(100) CHARACTER SET utf8mb4 COLLATE utf8mb4_unicode_ci NOT NULL COMMENT 'Фамилия пользователя',
  `email` varchar(100) CHARACTER SET utf8mb4 COLLATE utf8mb4_unicode_ci NOT NULL COMMENT 'Электронная почта пользователя',
  `phone` varchar(100) CHARACTER SET utf8mb4 COLLATE utf8mb4_unicode_ci NOT NULL COMMENT 'Мобильный телефон пользователя',
  `created_at` datetime DEFAULT CURRENT_TIMESTAMP COMMENT 'Время создания строки',
  `updated_at` datetime DEFAULT CURRENT_TIMESTAMP ON UPDATE CURRENT_TIMESTAMP COMMENT 'Время обновления строки',
  PRIMARY KEY (`id`),
  UNIQUE KEY `email` (`email`),
  UNIQUE KEY `phone` (`phone`)
) ENGINE=InnoDB AUTO_INCREMENT=101 DEFAULT CHARSET=utf8mb4 COLLATE=utf8mb4_unicode_ci COMMENT='Пользователи';
/*!40101 SET character_set_client = @saved_cs_client */;

--
-- Dumping data for table `users`
--

LOCK TABLES `users` WRITE;
/*!40000 ALTER TABLE `users` DISABLE KEYS */;
INSERT INTO `users` VALUES (1,'Modesto','Torp','ahane@example.net','+50(2)2633725924','2004-08-13 00:14:46','2013-06-16 13:26:36'),(2,'Iliana','Fisher','richmond80@example.org','562.403.4165','1983-07-22 07:42:21','1997-05-25 12:11:37'),(3,'Jadyn','Kuvalis','csipes@example.com','850-542-0394x554','2010-11-25 19:26:32','1971-09-17 22:00:29'),(4,'Erna','Skiles','floyd24@example.com','(936)389-4288x142','1984-05-14 08:17:52','2005-06-29 00:06:12'),(5,'Ivory','Gleason','mfeeney@example.net','(642)427-1011x4464','1974-05-07 03:21:05','1981-01-08 10:58:47'),(6,'Paige','Jacobi','viva34@example.com','(675)170-9487x66387','1989-09-06 21:10:41','1996-07-30 18:16:25'),(7,'Vella','Lowe','doyle.becker@example.org','186.809.8663','2011-03-13 02:57:02','2002-11-10 17:08:31'),(8,'Kristopher','Hagenes','beahan.koby@example.com','241-586-9411x434','2014-11-03 01:18:34','1979-06-14 22:21:44'),(9,'Jay','Beatty','eloy82@example.org','038-662-2202x65795','1971-02-23 04:10:44','1984-12-31 19:21:35'),(10,'Elda','Kemmer','kameron.hirthe@example.org','879.212.5883','1977-08-07 17:30:27','2014-05-12 23:27:01'),(11,'Malcolm','Sporer','bartell.michaela@example.com','(929)614-9904x568','2019-09-02 10:51:01','1977-07-05 14:26:16'),(12,'Cathy','Christiansen','zbauch@example.net','(670)736-7502','2020-02-22 00:56:57','1977-10-20 18:05:41'),(13,'Ollie','Wunsch','guy.donnelly@example.org','02653733954','1997-10-18 20:00:34','1995-09-19 23:41:54'),(14,'Pearl','Crona','martina53@example.org','984.455.5496x94596','2004-12-22 04:16:52','1976-06-30 10:32:53'),(15,'Kimberly','Braun','bgreenfelder@example.net','769-371-1481','2020-03-04 06:23:34','2007-08-20 12:50:50'),(16,'Charlie','Macejkovic','lonzo27@example.org','+00(3)1191375772','2001-01-27 03:29:52','1978-01-23 02:53:32'),(17,'Jaylen','Klein','bashirian.helen@example.net','219-656-7671x679','1981-08-31 15:33:34','2019-08-25 10:09:10'),(18,'Odell','Considine','melyssa18@example.com','09541036985','2009-08-22 01:20:31','1973-05-12 07:10:25'),(19,'Tyreek','Powlowski','tortiz@example.net','1-509-487-4551x850','2020-04-06 10:42:41','2012-09-16 11:01:46'),(20,'Kenton','Kiehn','vkessler@example.com','(753)780-1468','1981-09-06 09:23:32','1985-07-01 17:53:38'),(21,'Virginie','Dare','gaston27@example.net','(160)974-0586x6587','1972-09-16 04:52:54','1987-10-24 23:55:52'),(22,'Martin','Jerde','tillman.chanel@example.org','031.432.0209x530','2012-10-07 15:35:05','2005-07-18 23:23:29'),(23,'Elliot','Dicki','judd56@example.net','852.048.4079','2010-01-08 18:24:03','1976-05-29 19:19:16'),(24,'Foster','Leffler','bradtke.jacky@example.org','969-189-7454x3982','2010-06-04 22:14:26','1995-12-23 14:08:33'),(25,'Tressa','Osinski','jtrantow@example.org','(547)675-7543x31366','2010-09-03 04:06:30','1999-06-18 12:52:38'),(26,'Hoyt','Emmerich','ernestine.o\'reilly@example.org','+83(5)4846962520','2009-11-22 12:22:14','2000-10-01 02:00:50'),(27,'Maeve','Mueller','susan.mills@example.com','(193)001-7943x161','2012-09-09 05:06:43','2002-02-20 11:40:36'),(28,'Moises','Grimes','fmonahan@example.com','159.819.5298x954','1986-11-26 18:48:57','1986-12-04 12:10:29'),(29,'Ricardo','Breitenberg','kiehn.dylan@example.org','263-221-5840x85282','1977-05-30 22:11:04','2014-03-13 08:57:58'),(30,'Josianne','Kris','domingo93@example.com','+74(3)6905776675','1984-12-01 13:44:55','1973-07-21 20:57:13'),(31,'Maximillian','Jacobi','tkutch@example.com','1-773-966-9968','1977-05-15 21:44:05','1989-07-15 17:48:55'),(32,'Jerome','Bradtke','nichole.eichmann@example.org','1-952-874-0329x71614','2010-06-19 20:08:16','2020-10-06 00:35:38'),(33,'Alex','Shields','lionel26@example.net','319.372.1941','1983-08-22 20:15:47','1995-08-30 18:42:59'),(34,'Yoshiko','Funk','schimmel.devin@example.org','(967)657-7311x01276','2012-09-23 12:04:39','1976-03-15 07:41:31'),(35,'Ida','Cartwright','shaniya69@example.com','724.615.5079x298','1995-02-12 17:02:00','1990-08-24 23:05:38'),(36,'Turner','Barton','trycia.stracke@example.com','1-213-355-0561x55129','1972-05-28 20:39:58','1998-09-03 20:55:33'),(37,'Jerome','Wehner','buckridge.alberta@example.org','(915)764-5333x011','2007-09-01 12:55:51','1975-07-12 06:08:05'),(38,'Malika','Brown','mcdermott.elian@example.com','(715)205-9056x10824','2012-02-20 19:56:21','1995-04-22 00:31:25'),(39,'Carmelo','Stark','lowe.maybell@example.com','1-696-287-6996','1976-01-29 15:15:43','2006-03-05 02:52:12'),(40,'Ilene','Connelly','bill.blick@example.com','1-890-946-5608x393','1999-03-06 09:10:41','1994-04-10 13:41:19'),(41,'Josue','Lynch','phuel@example.com','(023)803-2450x110','2012-05-21 18:16:33','1979-08-01 06:39:29'),(42,'Willie','Schinner','zbartell@example.com','580.190.3927','1995-09-17 06:19:15','1980-01-19 18:11:45'),(43,'Austin','Jerde','lleffler@example.com','(745)484-5562','2004-09-16 05:00:56','2016-01-26 23:36:31'),(44,'Lonnie','Douglas','wgulgowski@example.com','1-292-368-0953x34149','1975-07-31 04:45:47','2015-08-29 02:21:56'),(45,'Linnie','Heathcote','claire80@example.net','(844)103-5311x456','1993-09-04 11:41:58','2002-10-21 01:51:07'),(46,'Orion','Durgan','bernardo.kautzer@example.org','603.333.2165x4349','1996-12-15 14:59:36','1976-01-23 15:10:03'),(47,'Johnpaul','Hagenes','adriel84@example.org','894.910.3529','1989-10-07 15:02:17','2006-12-21 23:32:26'),(48,'Mohammed','Hettinger','dixie50@example.org','420-351-5167','2001-05-05 21:06:29','1990-09-30 11:50:46'),(49,'Quinton','Windler','sarai40@example.org','(656)593-8979x4553','1974-12-13 11:01:17','2003-02-24 22:09:19'),(50,'Delbert','Krajcik','gabernathy@example.org','1-348-954-6109','2014-04-02 23:14:12','2020-04-20 18:47:29'),(51,'Icie','Zemlak','jkohler@example.org','1-020-927-1453x39591','1981-06-03 07:59:50','1974-11-09 13:09:16'),(52,'Dante','Welch','josiah61@example.net','1-307-553-2826','2019-06-10 20:18:28','2021-03-04 07:05:17'),(53,'Bria','Gottlieb','theo.williamson@example.org','680.201.1764','1991-10-22 20:35:41','1976-08-24 05:35:54'),(54,'Randal','Leannon','herminia43@example.com','(501)502-7445x9998','1973-06-25 10:05:45','1981-02-19 07:02:54'),(55,'Marjorie','Walter','kunze.adrain@example.net','396.592.6126x498','2017-08-05 16:11:47','1972-06-24 23:39:26'),(56,'Terrell','Emmerich','manley.hayes@example.net','668-590-7371','1979-05-28 07:16:33','2012-03-24 08:28:30'),(57,'Alf','White','wbalistreri@example.org','097.349.0886','1971-07-13 23:15:41','1986-06-17 16:11:59'),(58,'Kacey','Smith','sgleason@example.com','(199)340-2657x92430','2005-09-07 08:10:47','1983-03-29 02:40:05'),(59,'Haskell','Hand','rahul84@example.org','+42(0)1069106457','2011-06-19 03:14:40','2019-05-13 17:23:31'),(60,'Taryn','Beer','arlene.smith@example.org','1-147-327-4326x28944','1981-02-20 22:14:38','2006-08-17 10:23:41'),(61,'Shyann','Cartwright','jerrod.kirlin@example.net','653-360-4540','2010-03-17 01:49:22','2019-08-02 17:02:08'),(62,'Kian','Funk','jacquelyn26@example.org','371-788-8527x138','1975-01-22 14:49:21','2020-08-28 23:40:38'),(63,'Jessika','Ruecker','rmorar@example.org','1-041-395-0918x82937','1978-10-12 20:42:39','2019-05-23 14:58:34'),(64,'Vallie','Braun','bolson@example.net','1-584-440-7761x4291','1990-05-05 15:50:42','1970-12-24 06:31:47'),(65,'Antonietta','Kohler','zachery.bechtelar@example.org','621-786-4818','1989-11-12 01:20:27','2013-12-28 01:56:55'),(66,'Herta','Streich','qschroeder@example.org','(205)028-8121x849','1971-08-14 05:22:24','2018-07-27 19:42:15'),(67,'Cortney','Greenholt','camron.rice@example.net','1-740-146-3636','1980-04-18 02:45:27','1992-02-06 03:15:06'),(68,'Nathan','Gerhold','sparker@example.org','(498)958-9676x27982','2020-01-23 09:22:14','1988-12-26 00:56:23'),(69,'Brennon','Dickinson','camren12@example.net','275-420-1031','1976-04-23 02:42:21','1972-09-09 00:24:52'),(70,'Neoma','Erdman','aiyana93@example.org','671.622.7561x98773','2000-12-15 11:33:32','1971-04-27 04:47:11'),(71,'Jamaal','Ledner','mcclure.graham@example.com','1-228-616-7392','1971-06-27 19:58:07','1986-01-30 23:27:28'),(72,'Lucie','Gerlach','audreanne67@example.com','213-445-4740x97172','1979-06-01 21:44:39','2002-04-06 10:02:25'),(73,'Bo','Lueilwitz','austin21@example.net','916-301-6924','1978-02-09 10:55:55','2012-05-27 17:27:51'),(74,'Hilario','Nolan','izabella52@example.org','(152)788-6184x60790','1992-04-22 11:46:27','1998-08-08 21:16:41'),(75,'Elvie','Cormier','korey86@example.com','983.324.7988x3882','1972-01-21 15:02:38','2008-04-24 18:34:54'),(76,'Jayne','Block','nweimann@example.com','1-600-813-8392x1257','2000-06-21 12:12:39','1985-02-24 05:43:17'),(77,'Jess','Welch','drake.cormier@example.com','606-073-1243x5260','1998-04-15 01:00:56','1988-11-10 04:21:35'),(78,'Merritt','Collier','turcotte.skyla@example.com','1-842-381-8601','1987-01-22 11:07:03','1988-09-27 04:16:01'),(79,'Dana','Wilderman','ubernhard@example.com','1-506-607-9183x092','1991-12-08 21:48:10','1994-01-30 12:41:49'),(80,'Bonnie','Haag','reinger.tanya@example.net','(555)150-6716x80827','1980-06-30 23:09:12','1988-11-30 23:36:14'),(81,'Eliane','McLaughlin','ward.deontae@example.net','307-294-3148x7057','2002-12-23 02:23:26','1976-09-26 20:29:59'),(82,'Marques','Zulauf','gaston.feest@example.net','222-110-8449x7808','2002-08-20 12:31:05','2014-03-06 06:27:52'),(83,'Gerry','Torphy','vanessa34@example.com','148.960.4114x006','2020-05-21 05:47:40','1980-09-09 14:43:14'),(84,'Glenda','Huel','paucek.garrick@example.com','1-701-261-6636','1981-03-11 02:09:40','1991-02-17 08:20:51'),(85,'Fredrick','Marquardt','idietrich@example.org','1-298-858-4345','2001-12-06 07:30:39','1976-03-25 07:10:18'),(86,'Kellie','Thompson','gia.flatley@example.org','274.694.5379','1987-05-05 15:45:22','2016-03-05 20:21:25'),(87,'Madilyn','Kub','otremblay@example.net','(644)834-5901','1991-08-14 10:33:39','2011-04-06 22:57:21'),(88,'Dexter','Koss','lavon71@example.com','06950682774','2016-12-21 21:55:55','1997-06-18 03:44:24'),(89,'Raphaelle','Koch','hintz.gregory@example.com','1-475-289-0451x71481','1987-12-07 23:08:05','1975-07-02 09:13:27'),(90,'Piper','Dietrich','herminio97@example.org','689-458-7822','2019-08-25 18:11:50','1976-05-27 05:52:47'),(91,'Cara','Sanford','francisco31@example.com','492.100.6560x22465','1978-09-11 15:43:35','2004-07-10 00:41:34'),(92,'Karley','Kuhlman','tressa54@example.com','1-476-138-7596x86328','1979-12-05 20:28:16','2015-02-11 16:28:46'),(93,'Kaylee','Reynolds','catharine91@example.net','(593)992-6534x5033','2017-09-30 17:21:00','1985-11-21 11:01:12'),(94,'Augusta','Dach','serenity.russel@example.net','963-774-3195x3098','1979-06-28 04:06:24','1994-07-08 08:39:36'),(95,'Koby','Mayer','romaine.hodkiewicz@example.com','+08(9)9452536490','1977-12-25 13:40:02','2018-04-02 12:15:42'),(96,'Duncan','Conroy','prince98@example.org','07648788519','1983-12-21 04:09:52','2015-10-01 03:17:25'),(97,'Marvin','Will','daugherty.clint@example.com','(684)222-0255x75412','2003-12-24 08:45:45','1977-11-28 17:21:50'),(98,'Cordelia','Runolfsson','consuelo.breitenberg@example.com','581.414.9748','2018-07-26 15:27:35','1979-02-08 19:22:30'),(99,'Delores','Kunde','hills.morgan@example.com','(313)852-3598','2019-08-19 17:03:01','2015-11-01 05:52:23'),(100,'Marco','Marquardt','crona.noah@example.com','1-396-101-6955x387','1990-12-25 21:56:55','2015-03-28 22:25:11');
/*!40000 ALTER TABLE `users` ENABLE KEYS */;
UNLOCK TABLES;
/*!40103 SET TIME_ZONE=@OLD_TIME_ZONE */;

/*!40101 SET SQL_MODE=@OLD_SQL_MODE */;
/*!40014 SET FOREIGN_KEY_CHECKS=@OLD_FOREIGN_KEY_CHECKS */;
/*!40014 SET UNIQUE_CHECKS=@OLD_UNIQUE_CHECKS */;
/*!40101 SET CHARACTER_SET_CLIENT=@OLD_CHARACTER_SET_CLIENT */;
/*!40101 SET CHARACTER_SET_RESULTS=@OLD_CHARACTER_SET_RESULTS */;
/*!40101 SET COLLATION_CONNECTION=@OLD_COLLATION_CONNECTION */;
/*!40111 SET SQL_NOTES=@OLD_SQL_NOTES */;

-- Dump completed on 2021-05-11  0:22:22
