USE amediateka;

#
# TABLE STRUCTURE FOR: genre
#

INSERT INTO `genre` (`id`, `name`, `created_at`, `updated_at`) VALUES (1, 'molestias', '1970-08-15 01:40:50', '2021-06-12 11:51:29');
INSERT INTO `genre` (`id`, `name`, `created_at`, `updated_at`) VALUES (2, 'ut', '1997-11-28 02:18:03', '2021-06-12 11:51:29');
INSERT INTO `genre` (`id`, `name`, `created_at`, `updated_at`) VALUES (3, 'accusantium', '1990-02-21 17:33:31', '2021-06-12 11:51:29');
INSERT INTO `genre` (`id`, `name`, `created_at`, `updated_at`) VALUES (4, 'qui', '1981-02-07 14:48:37', '2021-06-12 11:51:29');
INSERT INTO `genre` (`id`, `name`, `created_at`, `updated_at`) VALUES (5, 'quam', '1971-03-30 23:15:51', '2021-06-12 11:51:29');
INSERT INTO `genre` (`id`, `name`, `created_at`, `updated_at`) VALUES (6, 'aut', '1977-07-29 18:18:29', '2021-06-12 11:51:29');
INSERT INTO `genre` (`id`, `name`, `created_at`, `updated_at`) VALUES (7, 'est', '2011-06-28 15:47:34', '2021-06-12 11:51:29');
INSERT INTO `genre` (`id`, `name`, `created_at`, `updated_at`) VALUES (8, 'suscipit', '1979-07-30 21:06:57', '2021-06-12 11:51:29');
INSERT INTO `genre` (`id`, `name`, `created_at`, `updated_at`) VALUES (9, 'veniam', '2012-08-20 17:08:34', '2021-06-12 11:51:29');
INSERT INTO `genre` (`id`, `name`, `created_at`, `updated_at`) VALUES (10, 'nobis', '1999-11-12 07:56:37', '2021-06-12 11:51:29');

#
# TABLE STRUCTURE FOR: country
#

INSERT INTO `country` (`id`, `country_name`, `created_at`, `updated_at`) VALUES (1, 'Micronesia', '1980-06-14 13:25:42', '2021-06-12 11:51:48');
INSERT INTO `country` (`id`, `country_name`, `created_at`, `updated_at`) VALUES (2, 'Russian Federation', '2008-07-28 21:32:58', '2021-06-12 11:51:48');
INSERT INTO `country` (`id`, `country_name`, `created_at`, `updated_at`) VALUES (3, 'Macedonia', '1987-10-28 20:20:05', '2021-06-12 11:51:48');
INSERT INTO `country` (`id`, `country_name`, `created_at`, `updated_at`) VALUES (4, 'Jordan', '1996-07-06 13:48:54', '2021-06-12 11:51:48');
INSERT INTO `country` (`id`, `country_name`, `created_at`, `updated_at`) VALUES (5, 'Grenada', '1997-08-28 14:14:14', '2021-06-12 11:51:48');
INSERT INTO `country` (`id`, `country_name`, `created_at`, `updated_at`) VALUES (6, 'Yemen', '2017-10-21 08:55:57', '2021-06-12 11:51:48');
INSERT INTO `country` (`id`, `country_name`, `created_at`, `updated_at`) VALUES (7, 'Turkey', '2001-12-20 03:21:38', '2021-06-12 11:51:48');
INSERT INTO `country` (`id`, `country_name`, `created_at`, `updated_at`) VALUES (8, 'Niger', '1997-03-03 04:14:26', '2021-06-12 11:51:48');
INSERT INTO `country` (`id`, `country_name`, `created_at`, `updated_at`) VALUES (9, 'Macedonia', '2004-03-25 13:31:48', '2021-06-12 11:51:48');
INSERT INTO `country` (`id`, `country_name`, `created_at`, `updated_at`) VALUES (10, 'Liberia', '2000-06-03 15:25:32', '2021-06-12 11:51:48');

#
# TABLE STRUCTURE FOR: movies
#

INSERT INTO `movies` (`id`, `name`, `genre_id`, `country_id`, `directors_id`, `actors_id`, `relase_date`, `created_at`, `updated_at`) VALUES (1, 'in', 1, 1, NULL, NULL, '1974-07-07', '1971-03-01 13:23:45', '2021-06-12 11:52:11');
INSERT INTO `movies` (`id`, `name`, `genre_id`, `country_id`, `directors_id`, `actors_id`, `relase_date`, `created_at`, `updated_at`) VALUES (2, 'autem', 2, 2, NULL, NULL, '1988-03-03', '1981-04-10 19:58:36', '2021-06-12 11:52:11');
INSERT INTO `movies` (`id`, `name`, `genre_id`, `country_id`, `directors_id`, `actors_id`, `relase_date`, `created_at`, `updated_at`) VALUES (3, 'repudiandae', 3, 3, NULL, NULL, '2010-11-10', '2002-07-30 05:43:20', '2021-06-12 11:52:11');
INSERT INTO `movies` (`id`, `name`, `genre_id`, `country_id`, `directors_id`, `actors_id`, `relase_date`, `created_at`, `updated_at`) VALUES (4, 'quibusdam', 4, 4, NULL, NULL, '2015-02-23', '2004-06-18 18:58:42', '2021-06-12 11:52:11');
INSERT INTO `movies` (`id`, `name`, `genre_id`, `country_id`, `directors_id`, `actors_id`, `relase_date`, `created_at`, `updated_at`) VALUES (5, 'doloribus', 5, 5, NULL, NULL, '1985-09-16', '2001-08-20 02:53:16', '2021-06-12 11:52:11');
INSERT INTO `movies` (`id`, `name`, `genre_id`, `country_id`, `directors_id`, `actors_id`, `relase_date`, `created_at`, `updated_at`) VALUES (6, 'eligendi', 6, 6, NULL, NULL, '1983-05-24', '2014-12-06 06:15:39', '2021-06-12 11:52:11');
INSERT INTO `movies` (`id`, `name`, `genre_id`, `country_id`, `directors_id`, `actors_id`, `relase_date`, `created_at`, `updated_at`) VALUES (7, 'consequatur', 7, 7, NULL, NULL, '2007-01-15', '2007-07-10 23:01:08', '2021-06-12 11:52:11');
INSERT INTO `movies` (`id`, `name`, `genre_id`, `country_id`, `directors_id`, `actors_id`, `relase_date`, `created_at`, `updated_at`) VALUES (8, 'nobis', 8, 8, NULL, NULL, '2005-01-29', '2005-11-08 11:01:25', '2021-06-12 11:52:11');
INSERT INTO `movies` (`id`, `name`, `genre_id`, `country_id`, `directors_id`, `actors_id`, `relase_date`, `created_at`, `updated_at`) VALUES (9, 'dicta', 9, 9, NULL, NULL, '2002-04-22', '1973-12-28 12:18:22', '2021-06-12 11:52:11');
INSERT INTO `movies` (`id`, `name`, `genre_id`, `country_id`, `directors_id`, `actors_id`, `relase_date`, `created_at`, `updated_at`) VALUES (10, 'illo', 10, 10, NULL, NULL, '1978-12-28', '2019-08-05 15:29:40', '2021-06-12 11:52:11');
INSERT INTO `movies` (`id`, `name`, `genre_id`, `country_id`, `directors_id`, `actors_id`, `relase_date`, `created_at`, `updated_at`) VALUES (11, 'ut', 1, 1, NULL, NULL, '2013-07-08', '2005-08-04 01:33:01', '2021-06-12 11:52:11');
INSERT INTO `movies` (`id`, `name`, `genre_id`, `country_id`, `directors_id`, `actors_id`, `relase_date`, `created_at`, `updated_at`) VALUES (12, 'omnis', 2, 2, NULL, NULL, '2020-09-03', '1976-11-24 06:59:11', '2021-06-12 11:52:11');
INSERT INTO `movies` (`id`, `name`, `genre_id`, `country_id`, `directors_id`, `actors_id`, `relase_date`, `created_at`, `updated_at`) VALUES (13, 'vel', 3, 3, NULL, NULL, '2009-02-25', '1972-10-13 06:17:32', '2021-06-12 11:52:11');
INSERT INTO `movies` (`id`, `name`, `genre_id`, `country_id`, `directors_id`, `actors_id`, `relase_date`, `created_at`, `updated_at`) VALUES (14, 'voluptas', 4, 4, NULL, NULL, '1981-07-12', '1984-08-29 23:36:39', '2021-06-12 11:52:11');
INSERT INTO `movies` (`id`, `name`, `genre_id`, `country_id`, `directors_id`, `actors_id`, `relase_date`, `created_at`, `updated_at`) VALUES (15, 'non', 5, 5, NULL, NULL, '2003-02-04', '2017-12-01 12:59:24', '2021-06-12 11:52:11');
INSERT INTO `movies` (`id`, `name`, `genre_id`, `country_id`, `directors_id`, `actors_id`, `relase_date`, `created_at`, `updated_at`) VALUES (16, 'qui', 6, 6, NULL, NULL, '1985-10-01', '1972-08-06 02:24:38', '2021-06-12 11:52:11');
INSERT INTO `movies` (`id`, `name`, `genre_id`, `country_id`, `directors_id`, `actors_id`, `relase_date`, `created_at`, `updated_at`) VALUES (17, 'rerum', 7, 7, NULL, NULL, '1976-02-21', '2019-02-19 03:33:29', '2021-06-12 11:52:11');
INSERT INTO `movies` (`id`, `name`, `genre_id`, `country_id`, `directors_id`, `actors_id`, `relase_date`, `created_at`, `updated_at`) VALUES (18, 'ex', 8, 8, NULL, NULL, '2019-12-09', '1979-10-15 08:01:58', '2021-06-12 11:52:11');
INSERT INTO `movies` (`id`, `name`, `genre_id`, `country_id`, `directors_id`, `actors_id`, `relase_date`, `created_at`, `updated_at`) VALUES (19, 'neque', 9, 9, NULL, NULL, '2012-02-20', '1984-05-08 22:39:34', '2021-06-12 11:52:11');
INSERT INTO `movies` (`id`, `name`, `genre_id`, `country_id`, `directors_id`, `actors_id`, `relase_date`, `created_at`, `updated_at`) VALUES (20, 'inventore', 10, 10, NULL, NULL, '2016-12-17', '1989-08-09 13:04:25', '2021-06-12 11:52:11');
INSERT INTO `movies` (`id`, `name`, `genre_id`, `country_id`, `directors_id`, `actors_id`, `relase_date`, `created_at`, `updated_at`) VALUES (21, 'non', 1, 1, NULL, NULL, '2010-06-15', '2009-06-10 02:15:13', '2021-06-12 11:52:11');
INSERT INTO `movies` (`id`, `name`, `genre_id`, `country_id`, `directors_id`, `actors_id`, `relase_date`, `created_at`, `updated_at`) VALUES (22, 'ut', 2, 2, NULL, NULL, '1984-04-27', '1975-01-09 21:47:30', '2021-06-12 11:52:11');
INSERT INTO `movies` (`id`, `name`, `genre_id`, `country_id`, `directors_id`, `actors_id`, `relase_date`, `created_at`, `updated_at`) VALUES (23, 'consequatur', 3, 3, NULL, NULL, '2008-11-13', '2020-02-09 12:05:23', '2021-06-12 11:52:11');
INSERT INTO `movies` (`id`, `name`, `genre_id`, `country_id`, `directors_id`, `actors_id`, `relase_date`, `created_at`, `updated_at`) VALUES (24, 'aut', 4, 4, NULL, NULL, '1970-04-03', '1991-11-14 14:54:54', '2021-06-12 11:52:11');
INSERT INTO `movies` (`id`, `name`, `genre_id`, `country_id`, `directors_id`, `actors_id`, `relase_date`, `created_at`, `updated_at`) VALUES (25, 'voluptatum', 5, 5, NULL, NULL, '1973-03-23', '1980-10-27 18:24:14', '2021-06-12 11:52:11');
INSERT INTO `movies` (`id`, `name`, `genre_id`, `country_id`, `directors_id`, `actors_id`, `relase_date`, `created_at`, `updated_at`) VALUES (26, 'illo', 6, 6, NULL, NULL, '1972-12-22', '1993-02-02 15:42:57', '2021-06-12 11:52:11');
INSERT INTO `movies` (`id`, `name`, `genre_id`, `country_id`, `directors_id`, `actors_id`, `relase_date`, `created_at`, `updated_at`) VALUES (27, 'amet', 7, 7, NULL, NULL, '2000-06-18', '1995-11-23 23:27:35', '2021-06-12 11:52:11');
INSERT INTO `movies` (`id`, `name`, `genre_id`, `country_id`, `directors_id`, `actors_id`, `relase_date`, `created_at`, `updated_at`) VALUES (28, 'quam', 8, 8, NULL, NULL, '2008-10-23', '2006-06-01 08:54:13', '2021-06-12 11:52:11');
INSERT INTO `movies` (`id`, `name`, `genre_id`, `country_id`, `directors_id`, `actors_id`, `relase_date`, `created_at`, `updated_at`) VALUES (29, 'quibusdam', 9, 9, NULL, NULL, '2013-05-02', '1994-06-10 08:04:12', '2021-06-12 11:52:11');
INSERT INTO `movies` (`id`, `name`, `genre_id`, `country_id`, `directors_id`, `actors_id`, `relase_date`, `created_at`, `updated_at`) VALUES (30, 'necessitatibus', 10, 10, NULL, NULL, '1993-08-27', '1983-07-12 15:22:42', '2021-06-12 11:52:11');
INSERT INTO `movies` (`id`, `name`, `genre_id`, `country_id`, `directors_id`, `actors_id`, `relase_date`, `created_at`, `updated_at`) VALUES (31, 'ipsam', 1, 1, NULL, NULL, '2020-09-20', '1976-04-04 22:52:24', '2021-06-12 11:52:11');
INSERT INTO `movies` (`id`, `name`, `genre_id`, `country_id`, `directors_id`, `actors_id`, `relase_date`, `created_at`, `updated_at`) VALUES (32, 'necessitatibus', 2, 2, NULL, NULL, '1993-02-12', '1972-09-02 08:15:46', '2021-06-12 11:52:11');
INSERT INTO `movies` (`id`, `name`, `genre_id`, `country_id`, `directors_id`, `actors_id`, `relase_date`, `created_at`, `updated_at`) VALUES (33, 'error', 3, 3, NULL, NULL, '2018-05-25', '2015-12-06 16:34:24', '2021-06-12 11:52:11');
INSERT INTO `movies` (`id`, `name`, `genre_id`, `country_id`, `directors_id`, `actors_id`, `relase_date`, `created_at`, `updated_at`) VALUES (34, 'rerum', 4, 4, NULL, NULL, '2005-07-07', '1972-07-26 10:29:22', '2021-06-12 11:52:11');
INSERT INTO `movies` (`id`, `name`, `genre_id`, `country_id`, `directors_id`, `actors_id`, `relase_date`, `created_at`, `updated_at`) VALUES (35, 'ut', 5, 5, NULL, NULL, '1990-01-17', '1997-04-09 12:23:42', '2021-06-12 11:52:11');
INSERT INTO `movies` (`id`, `name`, `genre_id`, `country_id`, `directors_id`, `actors_id`, `relase_date`, `created_at`, `updated_at`) VALUES (36, 'expedita', 6, 6, NULL, NULL, '2013-11-12', '1972-10-15 09:19:31', '2021-06-12 11:52:11');
INSERT INTO `movies` (`id`, `name`, `genre_id`, `country_id`, `directors_id`, `actors_id`, `relase_date`, `created_at`, `updated_at`) VALUES (37, 'sit', 7, 7, NULL, NULL, '2001-05-15', '2003-03-08 07:19:18', '2021-06-12 11:52:11');
INSERT INTO `movies` (`id`, `name`, `genre_id`, `country_id`, `directors_id`, `actors_id`, `relase_date`, `created_at`, `updated_at`) VALUES (38, 'aut', 8, 8, NULL, NULL, '1974-06-01', '1992-09-24 13:52:08', '2021-06-12 11:52:11');
INSERT INTO `movies` (`id`, `name`, `genre_id`, `country_id`, `directors_id`, `actors_id`, `relase_date`, `created_at`, `updated_at`) VALUES (39, 'molestiae', 9, 9, NULL, NULL, '2005-01-12', '2008-10-25 11:45:23', '2021-06-12 11:52:11');
INSERT INTO `movies` (`id`, `name`, `genre_id`, `country_id`, `directors_id`, `actors_id`, `relase_date`, `created_at`, `updated_at`) VALUES (40, 'et', 10, 10, NULL, NULL, '1978-10-19', '1978-10-04 02:13:07', '2021-06-12 11:52:11');
INSERT INTO `movies` (`id`, `name`, `genre_id`, `country_id`, `directors_id`, `actors_id`, `relase_date`, `created_at`, `updated_at`) VALUES (41, 'tenetur', 1, 1, NULL, NULL, '1999-08-05', '2002-05-21 08:24:23', '2021-06-12 11:52:11');
INSERT INTO `movies` (`id`, `name`, `genre_id`, `country_id`, `directors_id`, `actors_id`, `relase_date`, `created_at`, `updated_at`) VALUES (42, 'est', 2, 2, NULL, NULL, '2020-04-05', '1989-04-25 11:48:38', '2021-06-12 11:52:11');
INSERT INTO `movies` (`id`, `name`, `genre_id`, `country_id`, `directors_id`, `actors_id`, `relase_date`, `created_at`, `updated_at`) VALUES (43, 'rerum', 3, 3, NULL, NULL, '1995-04-07', '2001-12-28 13:07:49', '2021-06-12 11:52:11');
INSERT INTO `movies` (`id`, `name`, `genre_id`, `country_id`, `directors_id`, `actors_id`, `relase_date`, `created_at`, `updated_at`) VALUES (44, 'rerum', 4, 4, NULL, NULL, '1998-05-24', '1977-07-07 02:59:34', '2021-06-12 11:52:11');
INSERT INTO `movies` (`id`, `name`, `genre_id`, `country_id`, `directors_id`, `actors_id`, `relase_date`, `created_at`, `updated_at`) VALUES (45, 'minus', 5, 5, NULL, NULL, '1996-07-03', '1990-03-23 07:34:21', '2021-06-12 11:52:11');
INSERT INTO `movies` (`id`, `name`, `genre_id`, `country_id`, `directors_id`, `actors_id`, `relase_date`, `created_at`, `updated_at`) VALUES (46, 'molestiae', 6, 6, NULL, NULL, '2009-08-02', '1981-06-28 00:08:30', '2021-06-12 11:52:11');
INSERT INTO `movies` (`id`, `name`, `genre_id`, `country_id`, `directors_id`, `actors_id`, `relase_date`, `created_at`, `updated_at`) VALUES (47, 'et', 7, 7, NULL, NULL, '2002-07-03', '1994-07-09 00:10:08', '2021-06-12 11:52:11');
INSERT INTO `movies` (`id`, `name`, `genre_id`, `country_id`, `directors_id`, `actors_id`, `relase_date`, `created_at`, `updated_at`) VALUES (48, 'et', 8, 8, NULL, NULL, '2008-02-17', '2014-02-13 19:01:39', '2021-06-12 11:52:11');
INSERT INTO `movies` (`id`, `name`, `genre_id`, `country_id`, `directors_id`, `actors_id`, `relase_date`, `created_at`, `updated_at`) VALUES (49, 'magni', 9, 9, NULL, NULL, '2000-04-15', '1996-08-13 22:33:52', '2021-06-12 11:52:11');
INSERT INTO `movies` (`id`, `name`, `genre_id`, `country_id`, `directors_id`, `actors_id`, `relase_date`, `created_at`, `updated_at`) VALUES (50, 'laborum', 10, 10, NULL, NULL, '2021-02-18', '1981-03-23 01:37:21', '2021-06-12 11:52:11');
INSERT INTO `movies` (`id`, `name`, `genre_id`, `country_id`, `directors_id`, `actors_id`, `relase_date`, `created_at`, `updated_at`) VALUES (51, 'fuga', 1, 1, NULL, NULL, '1970-03-22', '1970-05-02 01:28:48', '2021-06-12 11:52:11');
INSERT INTO `movies` (`id`, `name`, `genre_id`, `country_id`, `directors_id`, `actors_id`, `relase_date`, `created_at`, `updated_at`) VALUES (52, 'quibusdam', 2, 2, NULL, NULL, '1996-07-13', '1973-10-24 11:15:32', '2021-06-12 11:52:11');
INSERT INTO `movies` (`id`, `name`, `genre_id`, `country_id`, `directors_id`, `actors_id`, `relase_date`, `created_at`, `updated_at`) VALUES (53, 'ea', 3, 3, NULL, NULL, '1971-09-05', '2021-05-13 14:16:03', '2021-06-12 11:52:11');
INSERT INTO `movies` (`id`, `name`, `genre_id`, `country_id`, `directors_id`, `actors_id`, `relase_date`, `created_at`, `updated_at`) VALUES (54, 'omnis', 4, 4, NULL, NULL, '1982-09-01', '2007-07-16 00:49:46', '2021-06-12 11:52:11');
INSERT INTO `movies` (`id`, `name`, `genre_id`, `country_id`, `directors_id`, `actors_id`, `relase_date`, `created_at`, `updated_at`) VALUES (55, 'et', 5, 5, NULL, NULL, '1977-11-01', '1996-02-29 23:11:56', '2021-06-12 11:52:11');
INSERT INTO `movies` (`id`, `name`, `genre_id`, `country_id`, `directors_id`, `actors_id`, `relase_date`, `created_at`, `updated_at`) VALUES (56, 'eum', 6, 6, NULL, NULL, '2014-10-19', '1981-05-26 07:09:04', '2021-06-12 11:52:11');
INSERT INTO `movies` (`id`, `name`, `genre_id`, `country_id`, `directors_id`, `actors_id`, `relase_date`, `created_at`, `updated_at`) VALUES (57, 'facilis', 7, 7, NULL, NULL, '1991-01-12', '2012-05-30 10:34:12', '2021-06-12 11:52:11');
INSERT INTO `movies` (`id`, `name`, `genre_id`, `country_id`, `directors_id`, `actors_id`, `relase_date`, `created_at`, `updated_at`) VALUES (58, 'adipisci', 8, 8, NULL, NULL, '1984-09-28', '2012-01-12 17:38:11', '2021-06-12 11:52:11');
INSERT INTO `movies` (`id`, `name`, `genre_id`, `country_id`, `directors_id`, `actors_id`, `relase_date`, `created_at`, `updated_at`) VALUES (59, 'enim', 9, 9, NULL, NULL, '2020-07-15', '1999-09-25 23:27:26', '2021-06-12 11:52:11');
INSERT INTO `movies` (`id`, `name`, `genre_id`, `country_id`, `directors_id`, `actors_id`, `relase_date`, `created_at`, `updated_at`) VALUES (60, 'qui', 10, 10, NULL, NULL, '1972-06-22', '2021-04-11 01:39:44', '2021-06-12 11:52:11');
INSERT INTO `movies` (`id`, `name`, `genre_id`, `country_id`, `directors_id`, `actors_id`, `relase_date`, `created_at`, `updated_at`) VALUES (61, 'labore', 1, 1, NULL, NULL, '2005-08-10', '2016-02-10 20:34:36', '2021-06-12 11:52:11');
INSERT INTO `movies` (`id`, `name`, `genre_id`, `country_id`, `directors_id`, `actors_id`, `relase_date`, `created_at`, `updated_at`) VALUES (62, 'odit', 2, 2, NULL, NULL, '1989-05-05', '1985-04-12 11:53:31', '2021-06-12 11:52:11');
INSERT INTO `movies` (`id`, `name`, `genre_id`, `country_id`, `directors_id`, `actors_id`, `relase_date`, `created_at`, `updated_at`) VALUES (63, 'fuga', 3, 3, NULL, NULL, '2018-04-28', '1981-04-20 09:40:16', '2021-06-12 11:52:11');
INSERT INTO `movies` (`id`, `name`, `genre_id`, `country_id`, `directors_id`, `actors_id`, `relase_date`, `created_at`, `updated_at`) VALUES (64, 'quas', 4, 4, NULL, NULL, '1980-08-09', '2005-08-11 17:22:05', '2021-06-12 11:52:11');
INSERT INTO `movies` (`id`, `name`, `genre_id`, `country_id`, `directors_id`, `actors_id`, `relase_date`, `created_at`, `updated_at`) VALUES (65, 'ut', 5, 5, NULL, NULL, '2014-09-23', '2013-06-25 00:27:27', '2021-06-12 11:52:11');
INSERT INTO `movies` (`id`, `name`, `genre_id`, `country_id`, `directors_id`, `actors_id`, `relase_date`, `created_at`, `updated_at`) VALUES (66, 'aut', 6, 6, NULL, NULL, '1997-09-07', '1973-06-22 18:29:01', '2021-06-12 11:52:11');
INSERT INTO `movies` (`id`, `name`, `genre_id`, `country_id`, `directors_id`, `actors_id`, `relase_date`, `created_at`, `updated_at`) VALUES (67, 'voluptatum', 7, 7, NULL, NULL, '1981-08-27', '1978-07-30 09:45:03', '2021-06-12 11:52:11');
INSERT INTO `movies` (`id`, `name`, `genre_id`, `country_id`, `directors_id`, `actors_id`, `relase_date`, `created_at`, `updated_at`) VALUES (68, 'est', 8, 8, NULL, NULL, '1985-11-11', '2016-09-25 12:58:18', '2021-06-12 11:52:11');
INSERT INTO `movies` (`id`, `name`, `genre_id`, `country_id`, `directors_id`, `actors_id`, `relase_date`, `created_at`, `updated_at`) VALUES (69, 'illo', 9, 9, NULL, NULL, '2010-10-23', '2010-02-15 20:57:33', '2021-06-12 11:52:11');
INSERT INTO `movies` (`id`, `name`, `genre_id`, `country_id`, `directors_id`, `actors_id`, `relase_date`, `created_at`, `updated_at`) VALUES (70, 'delectus', 10, 10, NULL, NULL, '2019-06-24', '1987-11-13 20:45:53', '2021-06-12 11:52:11');
INSERT INTO `movies` (`id`, `name`, `genre_id`, `country_id`, `directors_id`, `actors_id`, `relase_date`, `created_at`, `updated_at`) VALUES (71, 'est', 1, 1, NULL, NULL, '2017-04-06', '2019-09-17 22:34:45', '2021-06-12 11:52:11');
INSERT INTO `movies` (`id`, `name`, `genre_id`, `country_id`, `directors_id`, `actors_id`, `relase_date`, `created_at`, `updated_at`) VALUES (72, 'non', 2, 2, NULL, NULL, '1972-02-15', '2012-06-13 02:18:53', '2021-06-12 11:52:11');
INSERT INTO `movies` (`id`, `name`, `genre_id`, `country_id`, `directors_id`, `actors_id`, `relase_date`, `created_at`, `updated_at`) VALUES (73, 'eos', 3, 3, NULL, NULL, '2002-06-02', '1971-12-23 12:04:05', '2021-06-12 11:52:11');
INSERT INTO `movies` (`id`, `name`, `genre_id`, `country_id`, `directors_id`, `actors_id`, `relase_date`, `created_at`, `updated_at`) VALUES (74, 'blanditiis', 4, 4, NULL, NULL, '1993-11-24', '1992-06-15 18:52:33', '2021-06-12 11:52:11');
INSERT INTO `movies` (`id`, `name`, `genre_id`, `country_id`, `directors_id`, `actors_id`, `relase_date`, `created_at`, `updated_at`) VALUES (75, 'et', 5, 5, NULL, NULL, '2001-06-28', '1975-11-24 05:23:22', '2021-06-12 11:52:11');
INSERT INTO `movies` (`id`, `name`, `genre_id`, `country_id`, `directors_id`, `actors_id`, `relase_date`, `created_at`, `updated_at`) VALUES (76, 'et', 6, 6, NULL, NULL, '1981-05-25', '1988-04-26 02:07:11', '2021-06-12 11:52:11');
INSERT INTO `movies` (`id`, `name`, `genre_id`, `country_id`, `directors_id`, `actors_id`, `relase_date`, `created_at`, `updated_at`) VALUES (77, 'explicabo', 7, 7, NULL, NULL, '1977-09-12', '1997-10-31 21:54:51', '2021-06-12 11:52:11');
INSERT INTO `movies` (`id`, `name`, `genre_id`, `country_id`, `directors_id`, `actors_id`, `relase_date`, `created_at`, `updated_at`) VALUES (78, 'corporis', 8, 8, NULL, NULL, '2014-03-16', '1971-11-15 19:19:55', '2021-06-12 11:52:11');
INSERT INTO `movies` (`id`, `name`, `genre_id`, `country_id`, `directors_id`, `actors_id`, `relase_date`, `created_at`, `updated_at`) VALUES (79, 'harum', 9, 9, NULL, NULL, '1970-04-01', '1980-12-10 23:07:42', '2021-06-12 11:52:11');
INSERT INTO `movies` (`id`, `name`, `genre_id`, `country_id`, `directors_id`, `actors_id`, `relase_date`, `created_at`, `updated_at`) VALUES (80, 'atque', 10, 10, NULL, NULL, '1986-05-19', '1971-11-12 03:59:47', '2021-06-12 11:52:11');
INSERT INTO `movies` (`id`, `name`, `genre_id`, `country_id`, `directors_id`, `actors_id`, `relase_date`, `created_at`, `updated_at`) VALUES (81, 'est', 1, 1, NULL, NULL, '2012-10-27', '2009-07-10 14:16:09', '2021-06-12 11:52:11');
INSERT INTO `movies` (`id`, `name`, `genre_id`, `country_id`, `directors_id`, `actors_id`, `relase_date`, `created_at`, `updated_at`) VALUES (82, 'laudantium', 2, 2, NULL, NULL, '1983-12-12', '1986-05-15 12:06:50', '2021-06-12 11:52:11');
INSERT INTO `movies` (`id`, `name`, `genre_id`, `country_id`, `directors_id`, `actors_id`, `relase_date`, `created_at`, `updated_at`) VALUES (83, 'consequuntur', 3, 3, NULL, NULL, '1970-01-21', '2019-01-25 21:32:52', '2021-06-12 11:52:11');
INSERT INTO `movies` (`id`, `name`, `genre_id`, `country_id`, `directors_id`, `actors_id`, `relase_date`, `created_at`, `updated_at`) VALUES (84, 'ut', 4, 4, NULL, NULL, '2003-04-17', '2009-06-02 05:45:53', '2021-06-12 11:52:11');
INSERT INTO `movies` (`id`, `name`, `genre_id`, `country_id`, `directors_id`, `actors_id`, `relase_date`, `created_at`, `updated_at`) VALUES (85, 'ex', 5, 5, NULL, NULL, '1983-02-18', '1980-03-30 05:39:23', '2021-06-12 11:52:11');
INSERT INTO `movies` (`id`, `name`, `genre_id`, `country_id`, `directors_id`, `actors_id`, `relase_date`, `created_at`, `updated_at`) VALUES (86, 'earum', 6, 6, NULL, NULL, '2012-10-04', '2002-07-14 06:29:07', '2021-06-12 11:52:11');
INSERT INTO `movies` (`id`, `name`, `genre_id`, `country_id`, `directors_id`, `actors_id`, `relase_date`, `created_at`, `updated_at`) VALUES (87, 'enim', 7, 7, NULL, NULL, '2006-05-04', '2000-01-20 09:46:02', '2021-06-12 11:52:11');
INSERT INTO `movies` (`id`, `name`, `genre_id`, `country_id`, `directors_id`, `actors_id`, `relase_date`, `created_at`, `updated_at`) VALUES (88, 'quia', 8, 8, NULL, NULL, '2011-10-03', '1982-12-03 09:28:55', '2021-06-12 11:52:11');
INSERT INTO `movies` (`id`, `name`, `genre_id`, `country_id`, `directors_id`, `actors_id`, `relase_date`, `created_at`, `updated_at`) VALUES (89, 'totam', 9, 9, NULL, NULL, '2016-05-02', '1983-10-09 08:06:28', '2021-06-12 11:52:11');
INSERT INTO `movies` (`id`, `name`, `genre_id`, `country_id`, `directors_id`, `actors_id`, `relase_date`, `created_at`, `updated_at`) VALUES (90, 'beatae', 10, 10, NULL, NULL, '1988-06-21', '2009-04-05 14:11:02', '2021-06-12 11:52:11');
INSERT INTO `movies` (`id`, `name`, `genre_id`, `country_id`, `directors_id`, `actors_id`, `relase_date`, `created_at`, `updated_at`) VALUES (91, 'laborum', 1, 1, NULL, NULL, '2000-12-10', '2000-05-19 19:01:29', '2021-06-12 11:52:11');
INSERT INTO `movies` (`id`, `name`, `genre_id`, `country_id`, `directors_id`, `actors_id`, `relase_date`, `created_at`, `updated_at`) VALUES (92, 'tempora', 2, 2, NULL, NULL, '1990-11-01', '2019-11-30 23:15:43', '2021-06-12 11:52:11');
INSERT INTO `movies` (`id`, `name`, `genre_id`, `country_id`, `directors_id`, `actors_id`, `relase_date`, `created_at`, `updated_at`) VALUES (93, 'eos', 3, 3, NULL, NULL, '2012-10-01', '1970-01-14 02:09:13', '2021-06-12 11:52:11');
INSERT INTO `movies` (`id`, `name`, `genre_id`, `country_id`, `directors_id`, `actors_id`, `relase_date`, `created_at`, `updated_at`) VALUES (94, 'aut', 4, 4, NULL, NULL, '1998-04-22', '1972-04-17 03:30:42', '2021-06-12 11:52:11');
INSERT INTO `movies` (`id`, `name`, `genre_id`, `country_id`, `directors_id`, `actors_id`, `relase_date`, `created_at`, `updated_at`) VALUES (95, 'minima', 5, 5, NULL, NULL, '2015-09-12', '2001-10-21 08:59:56', '2021-06-12 11:52:11');
INSERT INTO `movies` (`id`, `name`, `genre_id`, `country_id`, `directors_id`, `actors_id`, `relase_date`, `created_at`, `updated_at`) VALUES (96, 'sapiente', 6, 6, NULL, NULL, '1999-03-10', '1983-07-10 20:46:42', '2021-06-12 11:52:11');
INSERT INTO `movies` (`id`, `name`, `genre_id`, `country_id`, `directors_id`, `actors_id`, `relase_date`, `created_at`, `updated_at`) VALUES (97, 'numquam', 7, 7, NULL, NULL, '2013-12-30', '1985-09-15 02:35:13', '2021-06-12 11:52:11');
INSERT INTO `movies` (`id`, `name`, `genre_id`, `country_id`, `directors_id`, `actors_id`, `relase_date`, `created_at`, `updated_at`) VALUES (98, 'autem', 8, 8, NULL, NULL, '2013-07-17', '2008-01-24 18:12:12', '2021-06-12 11:52:11');
INSERT INTO `movies` (`id`, `name`, `genre_id`, `country_id`, `directors_id`, `actors_id`, `relase_date`, `created_at`, `updated_at`) VALUES (99, 'laudantium', 9, 9, NULL, NULL, '2020-04-12', '2020-05-07 19:38:02', '2021-06-12 11:52:11');
INSERT INTO `movies` (`id`, `name`, `genre_id`, `country_id`, `directors_id`, `actors_id`, `relase_date`, `created_at`, `updated_at`) VALUES (100, 'iste', 10, 10, NULL, NULL, '2010-10-07', '1990-08-27 03:32:18', '2021-06-12 11:52:11');

#
# TABLE STRUCTURE FOR: serials
#

INSERT INTO `serials` (`id`, `name`, `genre_id`, `country_id`, `directors_id`, `actors_id`, `relase_date`, `created_at`, `updated_at`) VALUES (1, 'inventore', 1, 1, NULL, NULL, '2011-05-28', '1984-01-17 23:43:04', '2021-06-12 11:52:59');
INSERT INTO `serials` (`id`, `name`, `genre_id`, `country_id`, `directors_id`, `actors_id`, `relase_date`, `created_at`, `updated_at`) VALUES (2, 'iure', 2, 2, NULL, NULL, '2004-01-10', '2014-02-10 05:03:19', '2021-06-12 11:52:59');
INSERT INTO `serials` (`id`, `name`, `genre_id`, `country_id`, `directors_id`, `actors_id`, `relase_date`, `created_at`, `updated_at`) VALUES (3, 'et', 3, 3, NULL, NULL, '1987-02-08', '1979-09-27 14:29:08', '2021-06-12 11:52:59');
INSERT INTO `serials` (`id`, `name`, `genre_id`, `country_id`, `directors_id`, `actors_id`, `relase_date`, `created_at`, `updated_at`) VALUES (4, 'quia', 4, 4, NULL, NULL, '2013-04-29', '1992-02-12 19:41:29', '2021-06-12 11:52:59');
INSERT INTO `serials` (`id`, `name`, `genre_id`, `country_id`, `directors_id`, `actors_id`, `relase_date`, `created_at`, `updated_at`) VALUES (5, 'cumque', 5, 5, NULL, NULL, '1998-06-23', '1976-12-26 00:46:40', '2021-06-12 11:52:59');
INSERT INTO `serials` (`id`, `name`, `genre_id`, `country_id`, `directors_id`, `actors_id`, `relase_date`, `created_at`, `updated_at`) VALUES (6, 'consectetur', 6, 6, NULL, NULL, '2007-08-15', '2021-03-31 03:39:34', '2021-06-12 11:52:59');
INSERT INTO `serials` (`id`, `name`, `genre_id`, `country_id`, `directors_id`, `actors_id`, `relase_date`, `created_at`, `updated_at`) VALUES (7, 'ad', 7, 7, NULL, NULL, '1978-09-22', '1971-04-20 10:34:11', '2021-06-12 11:52:59');
INSERT INTO `serials` (`id`, `name`, `genre_id`, `country_id`, `directors_id`, `actors_id`, `relase_date`, `created_at`, `updated_at`) VALUES (8, 'omnis', 8, 8, NULL, NULL, '2007-08-14', '1982-01-24 13:03:44', '2021-06-12 11:52:59');
INSERT INTO `serials` (`id`, `name`, `genre_id`, `country_id`, `directors_id`, `actors_id`, `relase_date`, `created_at`, `updated_at`) VALUES (9, 'nulla', 9, 9, NULL, NULL, '2011-02-07', '2012-05-10 18:55:32', '2021-06-12 11:52:59');
INSERT INTO `serials` (`id`, `name`, `genre_id`, `country_id`, `directors_id`, `actors_id`, `relase_date`, `created_at`, `updated_at`) VALUES (10, 'dolor', 10, 10, NULL, NULL, '1983-06-27', '2021-05-22 13:53:33', '2021-06-12 11:52:59');
INSERT INTO `serials` (`id`, `name`, `genre_id`, `country_id`, `directors_id`, `actors_id`, `relase_date`, `created_at`, `updated_at`) VALUES (11, 'occaecati', 1, 1, NULL, NULL, '1970-09-24', '2005-06-01 02:13:43', '2021-06-12 11:52:59');
INSERT INTO `serials` (`id`, `name`, `genre_id`, `country_id`, `directors_id`, `actors_id`, `relase_date`, `created_at`, `updated_at`) VALUES (12, 'facere', 2, 2, NULL, NULL, '2006-05-24', '1984-05-19 21:57:50', '2021-06-12 11:52:59');
INSERT INTO `serials` (`id`, `name`, `genre_id`, `country_id`, `directors_id`, `actors_id`, `relase_date`, `created_at`, `updated_at`) VALUES (13, 'quae', 3, 3, NULL, NULL, '2020-01-07', '1994-05-10 22:33:17', '2021-06-12 11:52:59');
INSERT INTO `serials` (`id`, `name`, `genre_id`, `country_id`, `directors_id`, `actors_id`, `relase_date`, `created_at`, `updated_at`) VALUES (14, 'sint', 4, 4, NULL, NULL, '2017-01-02', '1987-02-10 00:01:06', '2021-06-12 11:52:59');
INSERT INTO `serials` (`id`, `name`, `genre_id`, `country_id`, `directors_id`, `actors_id`, `relase_date`, `created_at`, `updated_at`) VALUES (15, 'non', 5, 5, NULL, NULL, '2004-03-12', '1977-08-19 05:09:20', '2021-06-12 11:52:59');
INSERT INTO `serials` (`id`, `name`, `genre_id`, `country_id`, `directors_id`, `actors_id`, `relase_date`, `created_at`, `updated_at`) VALUES (16, 'ea', 6, 6, NULL, NULL, '1998-01-12', '2010-06-10 15:22:01', '2021-06-12 11:52:59');
INSERT INTO `serials` (`id`, `name`, `genre_id`, `country_id`, `directors_id`, `actors_id`, `relase_date`, `created_at`, `updated_at`) VALUES (17, 'voluptas', 7, 7, NULL, NULL, '1993-07-01', '2002-12-20 22:00:36', '2021-06-12 11:52:59');
INSERT INTO `serials` (`id`, `name`, `genre_id`, `country_id`, `directors_id`, `actors_id`, `relase_date`, `created_at`, `updated_at`) VALUES (18, 'quos', 8, 8, NULL, NULL, '2004-01-14', '1982-11-05 15:17:48', '2021-06-12 11:52:59');
INSERT INTO `serials` (`id`, `name`, `genre_id`, `country_id`, `directors_id`, `actors_id`, `relase_date`, `created_at`, `updated_at`) VALUES (19, 'et', 9, 9, NULL, NULL, '2012-09-12', '1993-05-18 09:38:41', '2021-06-12 11:52:59');
INSERT INTO `serials` (`id`, `name`, `genre_id`, `country_id`, `directors_id`, `actors_id`, `relase_date`, `created_at`, `updated_at`) VALUES (20, 'illo', 10, 10, NULL, NULL, '2014-04-13', '1991-04-28 09:14:40', '2021-06-12 11:52:59');
INSERT INTO `serials` (`id`, `name`, `genre_id`, `country_id`, `directors_id`, `actors_id`, `relase_date`, `created_at`, `updated_at`) VALUES (21, 'consequatur', 1, 1, NULL, NULL, '1978-12-13', '2012-11-07 16:58:04', '2021-06-12 11:52:59');
INSERT INTO `serials` (`id`, `name`, `genre_id`, `country_id`, `directors_id`, `actors_id`, `relase_date`, `created_at`, `updated_at`) VALUES (22, 'natus', 2, 2, NULL, NULL, '1984-10-05', '2019-08-16 09:31:31', '2021-06-12 11:52:59');
INSERT INTO `serials` (`id`, `name`, `genre_id`, `country_id`, `directors_id`, `actors_id`, `relase_date`, `created_at`, `updated_at`) VALUES (23, 'distinctio', 3, 3, NULL, NULL, '1983-01-24', '2013-11-30 14:36:22', '2021-06-12 11:52:59');
INSERT INTO `serials` (`id`, `name`, `genre_id`, `country_id`, `directors_id`, `actors_id`, `relase_date`, `created_at`, `updated_at`) VALUES (24, 'eaque', 4, 4, NULL, NULL, '2015-05-26', '1988-10-17 20:45:38', '2021-06-12 11:52:59');
INSERT INTO `serials` (`id`, `name`, `genre_id`, `country_id`, `directors_id`, `actors_id`, `relase_date`, `created_at`, `updated_at`) VALUES (25, 'id', 5, 5, NULL, NULL, '1975-12-23', '1971-01-23 06:12:15', '2021-06-12 11:52:59');
INSERT INTO `serials` (`id`, `name`, `genre_id`, `country_id`, `directors_id`, `actors_id`, `relase_date`, `created_at`, `updated_at`) VALUES (26, 'vel', 6, 6, NULL, NULL, '1978-07-21', '2003-09-02 16:41:37', '2021-06-12 11:52:59');
INSERT INTO `serials` (`id`, `name`, `genre_id`, `country_id`, `directors_id`, `actors_id`, `relase_date`, `created_at`, `updated_at`) VALUES (27, 'sed', 7, 7, NULL, NULL, '2016-03-28', '1995-01-13 10:44:32', '2021-06-12 11:52:59');
INSERT INTO `serials` (`id`, `name`, `genre_id`, `country_id`, `directors_id`, `actors_id`, `relase_date`, `created_at`, `updated_at`) VALUES (28, 'sit', 8, 8, NULL, NULL, '2012-03-27', '1980-03-27 06:19:33', '2021-06-12 11:52:59');
INSERT INTO `serials` (`id`, `name`, `genre_id`, `country_id`, `directors_id`, `actors_id`, `relase_date`, `created_at`, `updated_at`) VALUES (29, 'velit', 9, 9, NULL, NULL, '1980-03-25', '1976-07-18 19:59:35', '2021-06-12 11:52:59');
INSERT INTO `serials` (`id`, `name`, `genre_id`, `country_id`, `directors_id`, `actors_id`, `relase_date`, `created_at`, `updated_at`) VALUES (30, 'dolore', 10, 10, NULL, NULL, '1976-08-12', '2012-01-30 05:27:34', '2021-06-12 11:52:59');
INSERT INTO `serials` (`id`, `name`, `genre_id`, `country_id`, `directors_id`, `actors_id`, `relase_date`, `created_at`, `updated_at`) VALUES (31, 'voluptatum', 1, 1, NULL, NULL, '1989-10-21', '2007-07-23 16:25:43', '2021-06-12 11:52:59');
INSERT INTO `serials` (`id`, `name`, `genre_id`, `country_id`, `directors_id`, `actors_id`, `relase_date`, `created_at`, `updated_at`) VALUES (32, 'nihil', 2, 2, NULL, NULL, '2018-02-26', '2020-06-29 14:53:08', '2021-06-12 11:52:59');
INSERT INTO `serials` (`id`, `name`, `genre_id`, `country_id`, `directors_id`, `actors_id`, `relase_date`, `created_at`, `updated_at`) VALUES (33, 'explicabo', 3, 3, NULL, NULL, '1972-05-24', '2009-05-10 04:00:59', '2021-06-12 11:52:59');
INSERT INTO `serials` (`id`, `name`, `genre_id`, `country_id`, `directors_id`, `actors_id`, `relase_date`, `created_at`, `updated_at`) VALUES (34, 'repudiandae', 4, 4, NULL, NULL, '2015-09-18', '1997-10-31 14:48:40', '2021-06-12 11:52:59');
INSERT INTO `serials` (`id`, `name`, `genre_id`, `country_id`, `directors_id`, `actors_id`, `relase_date`, `created_at`, `updated_at`) VALUES (35, 'in', 5, 5, NULL, NULL, '2014-09-20', '1971-10-03 16:45:51', '2021-06-12 11:52:59');
INSERT INTO `serials` (`id`, `name`, `genre_id`, `country_id`, `directors_id`, `actors_id`, `relase_date`, `created_at`, `updated_at`) VALUES (36, 'voluptas', 6, 6, NULL, NULL, '1985-02-15', '1997-05-10 06:28:50', '2021-06-12 11:52:59');
INSERT INTO `serials` (`id`, `name`, `genre_id`, `country_id`, `directors_id`, `actors_id`, `relase_date`, `created_at`, `updated_at`) VALUES (37, 'et', 7, 7, NULL, NULL, '1983-01-08', '1975-09-11 11:44:03', '2021-06-12 11:52:59');
INSERT INTO `serials` (`id`, `name`, `genre_id`, `country_id`, `directors_id`, `actors_id`, `relase_date`, `created_at`, `updated_at`) VALUES (38, 'perspiciatis', 8, 8, NULL, NULL, '2012-04-26', '1977-09-06 03:50:43', '2021-06-12 11:52:59');
INSERT INTO `serials` (`id`, `name`, `genre_id`, `country_id`, `directors_id`, `actors_id`, `relase_date`, `created_at`, `updated_at`) VALUES (39, 'nihil', 9, 9, NULL, NULL, '2008-04-22', '1977-11-02 05:33:49', '2021-06-12 11:52:59');
INSERT INTO `serials` (`id`, `name`, `genre_id`, `country_id`, `directors_id`, `actors_id`, `relase_date`, `created_at`, `updated_at`) VALUES (40, 'nemo', 10, 10, NULL, NULL, '2003-03-15', '1984-06-26 10:00:13', '2021-06-12 11:52:59');
INSERT INTO `serials` (`id`, `name`, `genre_id`, `country_id`, `directors_id`, `actors_id`, `relase_date`, `created_at`, `updated_at`) VALUES (41, 'impedit', 1, 1, NULL, NULL, '2009-02-06', '1975-05-26 04:35:45', '2021-06-12 11:52:59');
INSERT INTO `serials` (`id`, `name`, `genre_id`, `country_id`, `directors_id`, `actors_id`, `relase_date`, `created_at`, `updated_at`) VALUES (42, 'aliquam', 2, 2, NULL, NULL, '2015-06-23', '1982-05-04 08:32:26', '2021-06-12 11:52:59');
INSERT INTO `serials` (`id`, `name`, `genre_id`, `country_id`, `directors_id`, `actors_id`, `relase_date`, `created_at`, `updated_at`) VALUES (43, 'facere', 3, 3, NULL, NULL, '1987-09-18', '1985-10-07 13:41:56', '2021-06-12 11:52:59');
INSERT INTO `serials` (`id`, `name`, `genre_id`, `country_id`, `directors_id`, `actors_id`, `relase_date`, `created_at`, `updated_at`) VALUES (44, 'eos', 4, 4, NULL, NULL, '2016-05-22', '1983-01-10 02:48:16', '2021-06-12 11:52:59');
INSERT INTO `serials` (`id`, `name`, `genre_id`, `country_id`, `directors_id`, `actors_id`, `relase_date`, `created_at`, `updated_at`) VALUES (45, 'dolorem', 5, 5, NULL, NULL, '1977-06-14', '1975-04-08 01:15:04', '2021-06-12 11:52:59');
INSERT INTO `serials` (`id`, `name`, `genre_id`, `country_id`, `directors_id`, `actors_id`, `relase_date`, `created_at`, `updated_at`) VALUES (46, 'aliquid', 6, 6, NULL, NULL, '2008-08-18', '1979-08-01 01:47:21', '2021-06-12 11:52:59');
INSERT INTO `serials` (`id`, `name`, `genre_id`, `country_id`, `directors_id`, `actors_id`, `relase_date`, `created_at`, `updated_at`) VALUES (47, 'blanditiis', 7, 7, NULL, NULL, '2016-07-23', '1976-08-26 16:12:36', '2021-06-12 11:52:59');
INSERT INTO `serials` (`id`, `name`, `genre_id`, `country_id`, `directors_id`, `actors_id`, `relase_date`, `created_at`, `updated_at`) VALUES (48, 'voluptatem', 8, 8, NULL, NULL, '1995-02-06', '1986-10-31 10:33:13', '2021-06-12 11:52:59');
INSERT INTO `serials` (`id`, `name`, `genre_id`, `country_id`, `directors_id`, `actors_id`, `relase_date`, `created_at`, `updated_at`) VALUES (49, 'consequuntur', 9, 9, NULL, NULL, '1974-01-29', '1976-07-31 23:18:16', '2021-06-12 11:52:59');
INSERT INTO `serials` (`id`, `name`, `genre_id`, `country_id`, `directors_id`, `actors_id`, `relase_date`, `created_at`, `updated_at`) VALUES (50, 'neque', 10, 10, NULL, NULL, '1971-06-18', '2006-10-28 11:24:25', '2021-06-12 11:52:59');

#
# TABLE STRUCTURE FOR: directors
#

INSERT INTO `directors` (`id`, `first_name`, `last_name`, `birthday`, `gender`, `movies_id`, `serials_id`, `created_at`, `updated_at`) VALUES (1, 'Chelsie', 'Bashirian', '1993-09-28', '', 1, 1, '1970-11-17 14:18:31', '2021-06-12 11:54:06');
INSERT INTO `directors` (`id`, `first_name`, `last_name`, `birthday`, `gender`, `movies_id`, `serials_id`, `created_at`, `updated_at`) VALUES (2, 'Maiya', 'Bechtelar', '2002-08-09', '', 2, 2, '1991-06-05 06:25:28', '2021-06-12 11:54:06');
INSERT INTO `directors` (`id`, `first_name`, `last_name`, `birthday`, `gender`, `movies_id`, `serials_id`, `created_at`, `updated_at`) VALUES (3, 'Juliana', 'Pouros', '2004-02-14', '', 3, 3, '1998-06-14 10:08:18', '2021-06-12 11:54:06');
INSERT INTO `directors` (`id`, `first_name`, `last_name`, `birthday`, `gender`, `movies_id`, `serials_id`, `created_at`, `updated_at`) VALUES (4, 'Fletcher', 'Kohler', '2005-04-01', '', 4, 4, '2005-07-11 02:48:08', '2021-06-12 11:54:06');
INSERT INTO `directors` (`id`, `first_name`, `last_name`, `birthday`, `gender`, `movies_id`, `serials_id`, `created_at`, `updated_at`) VALUES (5, 'Griffin', 'Bednar', '1978-02-21', '', 5, 5, '1977-03-08 16:53:43', '2021-06-12 11:54:06');
INSERT INTO `directors` (`id`, `first_name`, `last_name`, `birthday`, `gender`, `movies_id`, `serials_id`, `created_at`, `updated_at`) VALUES (6, 'Yoshiko', 'Rowe', '1979-05-06', '', 6, 6, '1997-05-04 13:10:50', '2021-06-12 11:54:06');
INSERT INTO `directors` (`id`, `first_name`, `last_name`, `birthday`, `gender`, `movies_id`, `serials_id`, `created_at`, `updated_at`) VALUES (7, 'Jude', 'Borer', '1980-04-27', '', 7, 7, '1994-12-13 04:52:16', '2021-06-12 11:54:06');
INSERT INTO `directors` (`id`, `first_name`, `last_name`, `birthday`, `gender`, `movies_id`, `serials_id`, `created_at`, `updated_at`) VALUES (8, 'Julianne', 'Mueller', '2021-01-23', '', 8, 8, '2000-12-19 06:30:53', '2021-06-12 11:54:06');
INSERT INTO `directors` (`id`, `first_name`, `last_name`, `birthday`, `gender`, `movies_id`, `serials_id`, `created_at`, `updated_at`) VALUES (9, 'Era', 'Reinger', '1976-10-17', '', 9, 9, '1970-08-26 04:06:23', '2021-06-12 11:54:06');
INSERT INTO `directors` (`id`, `first_name`, `last_name`, `birthday`, `gender`, `movies_id`, `serials_id`, `created_at`, `updated_at`) VALUES (10, 'Concepcion', 'Torphy', '1985-07-28', '', 10, 10, '1998-03-31 22:21:06', '2021-06-12 11:54:06');
INSERT INTO `directors` (`id`, `first_name`, `last_name`, `birthday`, `gender`, `movies_id`, `serials_id`, `created_at`, `updated_at`) VALUES (11, 'Emanuel', 'Nicolas', '2018-05-22', '', 11, 11, '1980-03-25 17:32:00', '2021-06-12 11:54:06');
INSERT INTO `directors` (`id`, `first_name`, `last_name`, `birthday`, `gender`, `movies_id`, `serials_id`, `created_at`, `updated_at`) VALUES (12, 'Tad', 'Lesch', '1971-12-15', '', 12, 12, '1981-01-07 09:24:17', '2021-06-12 11:54:06');
INSERT INTO `directors` (`id`, `first_name`, `last_name`, `birthday`, `gender`, `movies_id`, `serials_id`, `created_at`, `updated_at`) VALUES (13, 'Princess', 'Monahan', '2002-11-26', '', 13, 13, '1978-11-22 06:43:19', '2021-06-12 11:54:06');
INSERT INTO `directors` (`id`, `first_name`, `last_name`, `birthday`, `gender`, `movies_id`, `serials_id`, `created_at`, `updated_at`) VALUES (14, 'Adele', 'Ernser', '2018-10-05', '', 14, 14, '2007-11-17 20:58:55', '2021-06-12 11:54:06');
INSERT INTO `directors` (`id`, `first_name`, `last_name`, `birthday`, `gender`, `movies_id`, `serials_id`, `created_at`, `updated_at`) VALUES (15, 'Sylvester', 'Bernier', '1999-06-08', '', 15, 15, '1998-08-24 20:46:45', '2021-06-12 11:54:06');
INSERT INTO `directors` (`id`, `first_name`, `last_name`, `birthday`, `gender`, `movies_id`, `serials_id`, `created_at`, `updated_at`) VALUES (16, 'Lorna', 'Heidenreich', '1979-05-10', '', 16, 16, '2013-05-28 14:40:57', '2021-06-12 11:54:06');
INSERT INTO `directors` (`id`, `first_name`, `last_name`, `birthday`, `gender`, `movies_id`, `serials_id`, `created_at`, `updated_at`) VALUES (17, 'Aida', 'Hoeger', '2019-04-09', '', 17, 17, '2003-03-12 07:56:37', '2021-06-12 11:54:06');
INSERT INTO `directors` (`id`, `first_name`, `last_name`, `birthday`, `gender`, `movies_id`, `serials_id`, `created_at`, `updated_at`) VALUES (18, 'Braulio', 'Brakus', '1985-05-10', '', 18, 18, '2021-04-12 19:04:23', '2021-06-12 11:54:06');
INSERT INTO `directors` (`id`, `first_name`, `last_name`, `birthday`, `gender`, `movies_id`, `serials_id`, `created_at`, `updated_at`) VALUES (19, 'Bryana', 'Lebsack', '1972-03-04', '', 19, 19, '2011-07-25 04:39:43', '2021-06-12 11:54:06');
INSERT INTO `directors` (`id`, `first_name`, `last_name`, `birthday`, `gender`, `movies_id`, `serials_id`, `created_at`, `updated_at`) VALUES (20, 'Georgianna', 'Rowe', '1986-03-25', '', 20, 20, '1978-05-30 12:47:18', '2021-06-12 11:54:06');
INSERT INTO `directors` (`id`, `first_name`, `last_name`, `birthday`, `gender`, `movies_id`, `serials_id`, `created_at`, `updated_at`) VALUES (21, 'Andreanne', 'Luettgen', '2017-01-19', '', 21, 21, '2015-04-14 13:14:53', '2021-06-12 11:54:06');
INSERT INTO `directors` (`id`, `first_name`, `last_name`, `birthday`, `gender`, `movies_id`, `serials_id`, `created_at`, `updated_at`) VALUES (22, 'Oswald', 'Marks', '1992-02-25', '', 22, 22, '1981-12-06 04:22:42', '2021-06-12 11:54:06');
INSERT INTO `directors` (`id`, `first_name`, `last_name`, `birthday`, `gender`, `movies_id`, `serials_id`, `created_at`, `updated_at`) VALUES (23, 'Verda', 'Wehner', '1979-06-18', '', 23, 23, '1975-01-09 23:26:30', '2021-06-12 11:54:06');
INSERT INTO `directors` (`id`, `first_name`, `last_name`, `birthday`, `gender`, `movies_id`, `serials_id`, `created_at`, `updated_at`) VALUES (24, 'Eulalia', 'Kuhlman', '2015-05-14', '', 24, 24, '1990-02-20 20:33:01', '2021-06-12 11:54:06');
INSERT INTO `directors` (`id`, `first_name`, `last_name`, `birthday`, `gender`, `movies_id`, `serials_id`, `created_at`, `updated_at`) VALUES (25, 'Grace', 'Brown', '1986-06-07', '', 25, 25, '1997-06-19 18:52:42', '2021-06-12 11:54:06');
INSERT INTO `directors` (`id`, `first_name`, `last_name`, `birthday`, `gender`, `movies_id`, `serials_id`, `created_at`, `updated_at`) VALUES (26, 'Garret', 'Toy', '2012-09-14', '', 26, 26, '1979-12-21 21:05:41', '2021-06-12 11:54:06');
INSERT INTO `directors` (`id`, `first_name`, `last_name`, `birthday`, `gender`, `movies_id`, `serials_id`, `created_at`, `updated_at`) VALUES (27, 'Ruben', 'Lind', '1992-11-10', '', 27, 27, '1973-04-10 06:46:26', '2021-06-12 11:54:06');
INSERT INTO `directors` (`id`, `first_name`, `last_name`, `birthday`, `gender`, `movies_id`, `serials_id`, `created_at`, `updated_at`) VALUES (28, 'Gladyce', 'Roob', '1995-04-21', '', 28, 28, '2016-05-08 19:34:19', '2021-06-12 11:54:06');
INSERT INTO `directors` (`id`, `first_name`, `last_name`, `birthday`, `gender`, `movies_id`, `serials_id`, `created_at`, `updated_at`) VALUES (29, 'Judah', 'VonRueden', '1990-09-07', '', 29, 29, '1988-02-07 19:39:50', '2021-06-12 11:54:06');
INSERT INTO `directors` (`id`, `first_name`, `last_name`, `birthday`, `gender`, `movies_id`, `serials_id`, `created_at`, `updated_at`) VALUES (30, 'Annamarie', 'Gottlieb', '1995-05-07', '', 30, 30, '1973-03-06 14:43:57', '2021-06-12 11:54:06');
INSERT INTO `directors` (`id`, `first_name`, `last_name`, `birthday`, `gender`, `movies_id`, `serials_id`, `created_at`, `updated_at`) VALUES (31, 'Brannon', 'Marvin', '2016-11-20', '', 31, 31, '1978-05-09 13:14:18', '2021-06-12 11:54:06');
INSERT INTO `directors` (`id`, `first_name`, `last_name`, `birthday`, `gender`, `movies_id`, `serials_id`, `created_at`, `updated_at`) VALUES (32, 'Bud', 'Buckridge', '2003-01-19', '', 32, 32, '1997-11-28 02:48:31', '2021-06-12 11:54:06');
INSERT INTO `directors` (`id`, `first_name`, `last_name`, `birthday`, `gender`, `movies_id`, `serials_id`, `created_at`, `updated_at`) VALUES (33, 'Crystel', 'Langworth', '1979-06-09', '', 33, 33, '2011-05-02 21:59:14', '2021-06-12 11:54:06');
INSERT INTO `directors` (`id`, `first_name`, `last_name`, `birthday`, `gender`, `movies_id`, `serials_id`, `created_at`, `updated_at`) VALUES (34, 'Tressie', 'Murray', '1971-09-01', '', 34, 34, '2012-12-09 00:28:16', '2021-06-12 11:54:06');
INSERT INTO `directors` (`id`, `first_name`, `last_name`, `birthday`, `gender`, `movies_id`, `serials_id`, `created_at`, `updated_at`) VALUES (35, 'Vivienne', 'Medhurst', '1983-04-07', '', 35, 35, '2016-04-25 14:21:53', '2021-06-12 11:54:06');
INSERT INTO `directors` (`id`, `first_name`, `last_name`, `birthday`, `gender`, `movies_id`, `serials_id`, `created_at`, `updated_at`) VALUES (36, 'Ophelia', 'Gutmann', '2002-06-16', '', 36, 36, '1982-04-01 14:44:02', '2021-06-12 11:54:06');
INSERT INTO `directors` (`id`, `first_name`, `last_name`, `birthday`, `gender`, `movies_id`, `serials_id`, `created_at`, `updated_at`) VALUES (37, 'Jamie', 'DuBuque', '2012-06-11', '', 37, 37, '1992-04-20 18:18:31', '2021-06-12 11:54:06');
INSERT INTO `directors` (`id`, `first_name`, `last_name`, `birthday`, `gender`, `movies_id`, `serials_id`, `created_at`, `updated_at`) VALUES (38, 'Krystal', 'Barton', '1991-06-06', '', 38, 38, '2002-05-25 10:57:10', '2021-06-12 11:54:06');
INSERT INTO `directors` (`id`, `first_name`, `last_name`, `birthday`, `gender`, `movies_id`, `serials_id`, `created_at`, `updated_at`) VALUES (39, 'Albertha', 'Labadie', '1973-05-29', '', 39, 39, '1987-09-26 14:58:07', '2021-06-12 11:54:06');
INSERT INTO `directors` (`id`, `first_name`, `last_name`, `birthday`, `gender`, `movies_id`, `serials_id`, `created_at`, `updated_at`) VALUES (40, 'Clemens', 'Kihn', '1997-09-06', '', 40, 40, '1990-12-11 06:25:48', '2021-06-12 11:54:06');
INSERT INTO `directors` (`id`, `first_name`, `last_name`, `birthday`, `gender`, `movies_id`, `serials_id`, `created_at`, `updated_at`) VALUES (41, 'Mallie', 'Powlowski', '1983-04-28', '', 41, 41, '2015-03-28 16:04:40', '2021-06-12 11:54:06');
INSERT INTO `directors` (`id`, `first_name`, `last_name`, `birthday`, `gender`, `movies_id`, `serials_id`, `created_at`, `updated_at`) VALUES (42, 'Meagan', 'Brakus', '1984-03-01', '', 42, 42, '1997-10-17 05:16:37', '2021-06-12 11:54:06');
INSERT INTO `directors` (`id`, `first_name`, `last_name`, `birthday`, `gender`, `movies_id`, `serials_id`, `created_at`, `updated_at`) VALUES (43, 'Clint', 'Rodriguez', '2012-07-26', '', 43, 43, '1980-01-10 06:24:40', '2021-06-12 11:54:06');
INSERT INTO `directors` (`id`, `first_name`, `last_name`, `birthday`, `gender`, `movies_id`, `serials_id`, `created_at`, `updated_at`) VALUES (44, 'Madaline', 'Conn', '1982-03-05', '', 44, 44, '2015-12-31 20:55:07', '2021-06-12 11:54:06');
INSERT INTO `directors` (`id`, `first_name`, `last_name`, `birthday`, `gender`, `movies_id`, `serials_id`, `created_at`, `updated_at`) VALUES (45, 'Ophelia', 'Stiedemann', '2019-01-17', '', 45, 45, '2005-07-06 05:08:10', '2021-06-12 11:54:06');
INSERT INTO `directors` (`id`, `first_name`, `last_name`, `birthday`, `gender`, `movies_id`, `serials_id`, `created_at`, `updated_at`) VALUES (46, 'Margaret', 'Barton', '2014-10-18', '', 46, 46, '1994-12-03 06:19:08', '2021-06-12 11:54:06');
INSERT INTO `directors` (`id`, `first_name`, `last_name`, `birthday`, `gender`, `movies_id`, `serials_id`, `created_at`, `updated_at`) VALUES (47, 'Emil', 'Schamberger', '2004-01-31', '', 47, 47, '1995-05-19 13:57:11', '2021-06-12 11:54:06');
INSERT INTO `directors` (`id`, `first_name`, `last_name`, `birthday`, `gender`, `movies_id`, `serials_id`, `created_at`, `updated_at`) VALUES (48, 'Zion', 'Tillman', '1996-10-20', '', 48, 48, '1987-10-13 21:12:07', '2021-06-12 11:54:06');
INSERT INTO `directors` (`id`, `first_name`, `last_name`, `birthday`, `gender`, `movies_id`, `serials_id`, `created_at`, `updated_at`) VALUES (49, 'Prudence', 'Witting', '1977-10-14', '', 49, 49, '1991-10-16 08:45:11', '2021-06-12 11:54:06');
INSERT INTO `directors` (`id`, `first_name`, `last_name`, `birthday`, `gender`, `movies_id`, `serials_id`, `created_at`, `updated_at`) VALUES (50, 'Ramiro', 'Keeling', '1988-10-11', '', 50, 50, '2003-04-08 11:52:13', '2021-06-12 11:54:06');

#
# TABLE STRUCTURE FOR: actors
#

INSERT INTO `actors` (`id`, `first_name`, `last_name`, `birthday`, `gender`, `movies_id`, `serials_id`, `created_at`, `updated_at`) VALUES (1, 'Shanon', 'Treutel', '2003-02-10', '', 1, 1, '1991-11-16 03:34:08', '2021-06-12 11:54:37');
INSERT INTO `actors` (`id`, `first_name`, `last_name`, `birthday`, `gender`, `movies_id`, `serials_id`, `created_at`, `updated_at`) VALUES (2, 'Mario', 'Shields', '1970-09-03', '', 2, 2, '2000-09-15 18:03:07', '2021-06-12 11:54:37');
INSERT INTO `actors` (`id`, `first_name`, `last_name`, `birthday`, `gender`, `movies_id`, `serials_id`, `created_at`, `updated_at`) VALUES (3, 'Mason', 'Yost', '2001-01-26', '', 3, 3, '1971-05-17 08:22:03', '2021-06-12 11:54:37');
INSERT INTO `actors` (`id`, `first_name`, `last_name`, `birthday`, `gender`, `movies_id`, `serials_id`, `created_at`, `updated_at`) VALUES (4, 'Margret', 'Kuhic', '2015-01-16', '', 4, 4, '1973-07-04 11:39:23', '2021-06-12 11:54:37');
INSERT INTO `actors` (`id`, `first_name`, `last_name`, `birthday`, `gender`, `movies_id`, `serials_id`, `created_at`, `updated_at`) VALUES (5, 'Rosanna', 'Casper', '2011-08-15', '', 5, 5, '1990-11-13 16:12:40', '2021-06-12 11:54:37');
INSERT INTO `actors` (`id`, `first_name`, `last_name`, `birthday`, `gender`, `movies_id`, `serials_id`, `created_at`, `updated_at`) VALUES (6, 'Micaela', 'Rowe', '1979-11-27', '', 6, 6, '2013-11-10 23:05:20', '2021-06-12 11:54:37');
INSERT INTO `actors` (`id`, `first_name`, `last_name`, `birthday`, `gender`, `movies_id`, `serials_id`, `created_at`, `updated_at`) VALUES (7, 'Raegan', 'Greenholt', '1981-01-25', '', 7, 7, '2009-10-04 14:57:41', '2021-06-12 11:54:37');
INSERT INTO `actors` (`id`, `first_name`, `last_name`, `birthday`, `gender`, `movies_id`, `serials_id`, `created_at`, `updated_at`) VALUES (8, 'Kennedi', 'Moen', '1983-02-04', '', 8, 8, '1996-12-09 04:00:58', '2021-06-12 11:54:37');
INSERT INTO `actors` (`id`, `first_name`, `last_name`, `birthday`, `gender`, `movies_id`, `serials_id`, `created_at`, `updated_at`) VALUES (9, 'Nia', 'Adams', '1994-12-05', '', 9, 9, '1983-01-29 06:11:47', '2021-06-12 11:54:37');
INSERT INTO `actors` (`id`, `first_name`, `last_name`, `birthday`, `gender`, `movies_id`, `serials_id`, `created_at`, `updated_at`) VALUES (10, 'Barrett', 'Koepp', '1974-11-16', '', 10, 10, '1993-07-15 05:26:34', '2021-06-12 11:54:37');
INSERT INTO `actors` (`id`, `first_name`, `last_name`, `birthday`, `gender`, `movies_id`, `serials_id`, `created_at`, `updated_at`) VALUES (11, 'Thea', 'Cremin', '2018-08-10', '', 11, 11, '1988-09-05 01:23:35', '2021-06-12 11:54:37');
INSERT INTO `actors` (`id`, `first_name`, `last_name`, `birthday`, `gender`, `movies_id`, `serials_id`, `created_at`, `updated_at`) VALUES (12, 'Katlynn', 'Schmitt', '1990-04-22', '', 12, 12, '1970-06-19 18:09:07', '2021-06-12 11:54:37');
INSERT INTO `actors` (`id`, `first_name`, `last_name`, `birthday`, `gender`, `movies_id`, `serials_id`, `created_at`, `updated_at`) VALUES (13, 'Susan', 'Prohaska', '2002-05-18', '', 13, 13, '2011-04-25 13:17:28', '2021-06-12 11:54:37');
INSERT INTO `actors` (`id`, `first_name`, `last_name`, `birthday`, `gender`, `movies_id`, `serials_id`, `created_at`, `updated_at`) VALUES (14, 'Jaylan', 'Feeney', '2008-10-07', '', 14, 14, '2018-06-22 08:15:42', '2021-06-12 11:54:37');
INSERT INTO `actors` (`id`, `first_name`, `last_name`, `birthday`, `gender`, `movies_id`, `serials_id`, `created_at`, `updated_at`) VALUES (15, 'Lorenzo', 'Graham', '2002-02-21', '', 15, 15, '2006-05-27 01:24:44', '2021-06-12 11:54:37');
INSERT INTO `actors` (`id`, `first_name`, `last_name`, `birthday`, `gender`, `movies_id`, `serials_id`, `created_at`, `updated_at`) VALUES (16, 'Camilla', 'Bogisich', '1975-02-18', '', 16, 16, '2000-08-14 18:50:53', '2021-06-12 11:54:37');
INSERT INTO `actors` (`id`, `first_name`, `last_name`, `birthday`, `gender`, `movies_id`, `serials_id`, `created_at`, `updated_at`) VALUES (17, 'Bennie', 'Yost', '2003-09-14', '', 17, 17, '1996-08-14 03:46:25', '2021-06-12 11:54:37');
INSERT INTO `actors` (`id`, `first_name`, `last_name`, `birthday`, `gender`, `movies_id`, `serials_id`, `created_at`, `updated_at`) VALUES (18, 'Novella', 'Bahringer', '2002-05-27', '', 18, 18, '1999-11-25 12:52:27', '2021-06-12 11:54:37');
INSERT INTO `actors` (`id`, `first_name`, `last_name`, `birthday`, `gender`, `movies_id`, `serials_id`, `created_at`, `updated_at`) VALUES (19, 'Valentine', 'Stehr', '2020-10-30', '', 19, 19, '2009-07-13 01:55:59', '2021-06-12 11:54:37');
INSERT INTO `actors` (`id`, `first_name`, `last_name`, `birthday`, `gender`, `movies_id`, `serials_id`, `created_at`, `updated_at`) VALUES (20, 'Greyson', 'Runte', '2013-06-22', '', 20, 20, '2004-11-05 21:32:25', '2021-06-12 11:54:37');
INSERT INTO `actors` (`id`, `first_name`, `last_name`, `birthday`, `gender`, `movies_id`, `serials_id`, `created_at`, `updated_at`) VALUES (21, 'Jordane', 'Kilback', '2011-05-19', '', 21, 21, '2010-03-02 08:17:48', '2021-06-12 11:54:37');
INSERT INTO `actors` (`id`, `first_name`, `last_name`, `birthday`, `gender`, `movies_id`, `serials_id`, `created_at`, `updated_at`) VALUES (22, 'Allie', 'Hirthe', '2009-10-26', '', 22, 22, '2018-11-01 06:22:06', '2021-06-12 11:54:37');
INSERT INTO `actors` (`id`, `first_name`, `last_name`, `birthday`, `gender`, `movies_id`, `serials_id`, `created_at`, `updated_at`) VALUES (23, 'Adrienne', 'Doyle', '1991-06-19', '', 23, 23, '2016-10-17 13:31:43', '2021-06-12 11:54:37');
INSERT INTO `actors` (`id`, `first_name`, `last_name`, `birthday`, `gender`, `movies_id`, `serials_id`, `created_at`, `updated_at`) VALUES (24, 'Brent', 'Mayer', '2010-08-30', '', 24, 24, '1972-09-11 08:32:06', '2021-06-12 11:54:37');
INSERT INTO `actors` (`id`, `first_name`, `last_name`, `birthday`, `gender`, `movies_id`, `serials_id`, `created_at`, `updated_at`) VALUES (25, 'Durward', 'Yost', '1974-08-02', '', 25, 25, '1987-04-07 19:24:16', '2021-06-12 11:54:37');
INSERT INTO `actors` (`id`, `first_name`, `last_name`, `birthday`, `gender`, `movies_id`, `serials_id`, `created_at`, `updated_at`) VALUES (26, 'Monica', 'Gaylord', '1986-07-24', '', 26, 26, '1972-12-23 14:23:35', '2021-06-12 11:54:37');
INSERT INTO `actors` (`id`, `first_name`, `last_name`, `birthday`, `gender`, `movies_id`, `serials_id`, `created_at`, `updated_at`) VALUES (27, 'Hollis', 'Durgan', '1986-10-01', '', 27, 27, '2001-05-25 10:51:42', '2021-06-12 11:54:37');
INSERT INTO `actors` (`id`, `first_name`, `last_name`, `birthday`, `gender`, `movies_id`, `serials_id`, `created_at`, `updated_at`) VALUES (28, 'Alphonso', 'Turner', '2018-12-26', '', 28, 28, '1991-10-17 18:13:45', '2021-06-12 11:54:37');
INSERT INTO `actors` (`id`, `first_name`, `last_name`, `birthday`, `gender`, `movies_id`, `serials_id`, `created_at`, `updated_at`) VALUES (29, 'Glennie', 'Cole', '2002-04-27', '', 29, 29, '1996-03-10 12:48:04', '2021-06-12 11:54:37');
INSERT INTO `actors` (`id`, `first_name`, `last_name`, `birthday`, `gender`, `movies_id`, `serials_id`, `created_at`, `updated_at`) VALUES (30, 'Rhoda', 'Rosenbaum', '2013-06-25', '', 30, 30, '1977-03-03 00:07:15', '2021-06-12 11:54:37');
INSERT INTO `actors` (`id`, `first_name`, `last_name`, `birthday`, `gender`, `movies_id`, `serials_id`, `created_at`, `updated_at`) VALUES (31, 'Jaylan', 'Fahey', '1996-08-15', '', 31, 31, '2002-01-02 10:48:43', '2021-06-12 11:54:37');
INSERT INTO `actors` (`id`, `first_name`, `last_name`, `birthday`, `gender`, `movies_id`, `serials_id`, `created_at`, `updated_at`) VALUES (32, 'Christophe', 'Larson', '1983-05-28', '', 32, 32, '2019-11-08 16:00:51', '2021-06-12 11:54:37');
INSERT INTO `actors` (`id`, `first_name`, `last_name`, `birthday`, `gender`, `movies_id`, `serials_id`, `created_at`, `updated_at`) VALUES (33, 'Burdette', 'Kerluke', '1984-07-05', '', 33, 33, '2013-11-22 12:22:40', '2021-06-12 11:54:37');
INSERT INTO `actors` (`id`, `first_name`, `last_name`, `birthday`, `gender`, `movies_id`, `serials_id`, `created_at`, `updated_at`) VALUES (34, 'Hulda', 'Hettinger', '1994-07-10', '', 34, 34, '2020-05-21 21:00:42', '2021-06-12 11:54:37');
INSERT INTO `actors` (`id`, `first_name`, `last_name`, `birthday`, `gender`, `movies_id`, `serials_id`, `created_at`, `updated_at`) VALUES (35, 'Noble', 'Weimann', '1980-01-30', '', 35, 35, '1977-11-13 23:21:10', '2021-06-12 11:54:37');
INSERT INTO `actors` (`id`, `first_name`, `last_name`, `birthday`, `gender`, `movies_id`, `serials_id`, `created_at`, `updated_at`) VALUES (36, 'Vincent', 'Schuppe', '1984-12-03', '', 36, 36, '2019-02-26 04:09:02', '2021-06-12 11:54:37');
INSERT INTO `actors` (`id`, `first_name`, `last_name`, `birthday`, `gender`, `movies_id`, `serials_id`, `created_at`, `updated_at`) VALUES (37, 'Marielle', 'Koss', '2000-02-14', '', 37, 37, '1988-09-28 21:34:09', '2021-06-12 11:54:37');
INSERT INTO `actors` (`id`, `first_name`, `last_name`, `birthday`, `gender`, `movies_id`, `serials_id`, `created_at`, `updated_at`) VALUES (38, 'Allie', 'Upton', '1985-03-25', '', 38, 38, '1974-08-27 02:21:43', '2021-06-12 11:54:37');
INSERT INTO `actors` (`id`, `first_name`, `last_name`, `birthday`, `gender`, `movies_id`, `serials_id`, `created_at`, `updated_at`) VALUES (39, 'Gina', 'Bechtelar', '2009-03-24', '', 39, 39, '1971-06-14 06:19:32', '2021-06-12 11:54:37');
INSERT INTO `actors` (`id`, `first_name`, `last_name`, `birthday`, `gender`, `movies_id`, `serials_id`, `created_at`, `updated_at`) VALUES (40, 'Karson', 'Wyman', '2009-02-26', '', 40, 40, '1986-10-24 13:33:52', '2021-06-12 11:54:37');
INSERT INTO `actors` (`id`, `first_name`, `last_name`, `birthday`, `gender`, `movies_id`, `serials_id`, `created_at`, `updated_at`) VALUES (41, 'Ola', 'Collins', '1993-08-28', '', 41, 41, '2018-01-06 20:06:50', '2021-06-12 11:54:37');
INSERT INTO `actors` (`id`, `first_name`, `last_name`, `birthday`, `gender`, `movies_id`, `serials_id`, `created_at`, `updated_at`) VALUES (42, 'Danny', 'Donnelly', '1986-12-25', '', 42, 42, '2020-03-17 16:45:50', '2021-06-12 11:54:37');
INSERT INTO `actors` (`id`, `first_name`, `last_name`, `birthday`, `gender`, `movies_id`, `serials_id`, `created_at`, `updated_at`) VALUES (43, 'Agnes', 'Brekke', '2002-03-27', '', 43, 43, '1977-05-06 14:39:29', '2021-06-12 11:54:37');
INSERT INTO `actors` (`id`, `first_name`, `last_name`, `birthday`, `gender`, `movies_id`, `serials_id`, `created_at`, `updated_at`) VALUES (44, 'Kraig', 'Mitchell', '2013-08-28', '', 44, 44, '1994-06-30 07:06:30', '2021-06-12 11:54:37');
INSERT INTO `actors` (`id`, `first_name`, `last_name`, `birthday`, `gender`, `movies_id`, `serials_id`, `created_at`, `updated_at`) VALUES (45, 'Vince', 'Harber', '2015-08-14', '', 45, 45, '1977-05-29 14:04:44', '2021-06-12 11:54:37');
INSERT INTO `actors` (`id`, `first_name`, `last_name`, `birthday`, `gender`, `movies_id`, `serials_id`, `created_at`, `updated_at`) VALUES (46, 'Trevor', 'Hayes', '1980-09-11', '', 46, 46, '2004-06-10 16:24:02', '2021-06-12 11:54:37');
INSERT INTO `actors` (`id`, `first_name`, `last_name`, `birthday`, `gender`, `movies_id`, `serials_id`, `created_at`, `updated_at`) VALUES (47, 'Elisa', 'Wolff', '2013-05-31', '', 47, 47, '2021-04-15 14:14:43', '2021-06-12 11:54:37');
INSERT INTO `actors` (`id`, `first_name`, `last_name`, `birthday`, `gender`, `movies_id`, `serials_id`, `created_at`, `updated_at`) VALUES (48, 'Titus', 'Okuneva', '1998-03-08', '', 48, 48, '1973-01-25 06:29:49', '2021-06-12 11:54:37');
INSERT INTO `actors` (`id`, `first_name`, `last_name`, `birthday`, `gender`, `movies_id`, `serials_id`, `created_at`, `updated_at`) VALUES (49, 'Concepcion', 'Schumm', '1982-05-08', '', 49, 49, '2002-05-01 00:09:00', '2021-06-12 11:54:37');
INSERT INTO `actors` (`id`, `first_name`, `last_name`, `birthday`, `gender`, `movies_id`, `serials_id`, `created_at`, `updated_at`) VALUES (50, 'Loraine', 'Walter', '2006-08-28', '', 50, 50, '1982-09-25 17:24:53', '2021-06-12 11:54:37');
INSERT INTO `actors` (`id`, `first_name`, `last_name`, `birthday`, `gender`, `movies_id`, `serials_id`, `created_at`, `updated_at`) VALUES (51, 'Deondre', 'Heller', '1998-10-25', '', 51, 1, '1988-06-29 10:38:19', '2021-06-12 11:54:37');
INSERT INTO `actors` (`id`, `first_name`, `last_name`, `birthday`, `gender`, `movies_id`, `serials_id`, `created_at`, `updated_at`) VALUES (52, 'Alberto', 'Bernier', '2012-08-25', '', 52, 2, '1973-03-25 11:20:54', '2021-06-12 11:54:37');
INSERT INTO `actors` (`id`, `first_name`, `last_name`, `birthday`, `gender`, `movies_id`, `serials_id`, `created_at`, `updated_at`) VALUES (53, 'Kay', 'Doyle', '2018-06-20', '', 53, 3, '1996-08-30 13:40:39', '2021-06-12 11:54:37');
INSERT INTO `actors` (`id`, `first_name`, `last_name`, `birthday`, `gender`, `movies_id`, `serials_id`, `created_at`, `updated_at`) VALUES (54, 'Robyn', 'Herzog', '1994-11-03', '', 54, 4, '1984-12-22 05:43:46', '2021-06-12 11:54:37');
INSERT INTO `actors` (`id`, `first_name`, `last_name`, `birthday`, `gender`, `movies_id`, `serials_id`, `created_at`, `updated_at`) VALUES (55, 'Carolina', 'Carter', '1993-09-09', '', 55, 5, '1997-06-10 00:25:45', '2021-06-12 11:54:37');
INSERT INTO `actors` (`id`, `first_name`, `last_name`, `birthday`, `gender`, `movies_id`, `serials_id`, `created_at`, `updated_at`) VALUES (56, 'Kristoffer', 'Wilderman', '2011-08-30', '', 56, 6, '2011-06-21 18:32:30', '2021-06-12 11:54:37');
INSERT INTO `actors` (`id`, `first_name`, `last_name`, `birthday`, `gender`, `movies_id`, `serials_id`, `created_at`, `updated_at`) VALUES (57, 'Jameson', 'Rowe', '1988-02-13', '', 57, 7, '2014-08-17 13:41:53', '2021-06-12 11:54:37');
INSERT INTO `actors` (`id`, `first_name`, `last_name`, `birthday`, `gender`, `movies_id`, `serials_id`, `created_at`, `updated_at`) VALUES (58, 'Oscar', 'Boyer', '1989-04-19', '', 58, 8, '1971-11-11 05:15:08', '2021-06-12 11:54:37');
INSERT INTO `actors` (`id`, `first_name`, `last_name`, `birthday`, `gender`, `movies_id`, `serials_id`, `created_at`, `updated_at`) VALUES (59, 'Kristoffer', 'Robel', '2007-06-23', '', 59, 9, '1972-11-23 14:00:57', '2021-06-12 11:54:37');
INSERT INTO `actors` (`id`, `first_name`, `last_name`, `birthday`, `gender`, `movies_id`, `serials_id`, `created_at`, `updated_at`) VALUES (60, 'Santos', 'Strosin', '2015-03-07', '', 60, 10, '1992-12-02 10:10:55', '2021-06-12 11:54:37');
INSERT INTO `actors` (`id`, `first_name`, `last_name`, `birthday`, `gender`, `movies_id`, `serials_id`, `created_at`, `updated_at`) VALUES (61, 'Sallie', 'Leffler', '2008-08-31', '', 61, 11, '1973-03-05 10:23:55', '2021-06-12 11:54:37');
INSERT INTO `actors` (`id`, `first_name`, `last_name`, `birthday`, `gender`, `movies_id`, `serials_id`, `created_at`, `updated_at`) VALUES (62, 'Rosa', 'Batz', '1983-01-17', '', 62, 12, '1982-09-03 21:09:47', '2021-06-12 11:54:37');
INSERT INTO `actors` (`id`, `first_name`, `last_name`, `birthday`, `gender`, `movies_id`, `serials_id`, `created_at`, `updated_at`) VALUES (63, 'Kelsie', 'Nienow', '1999-01-02', '', 63, 13, '2020-02-28 06:13:50', '2021-06-12 11:54:37');
INSERT INTO `actors` (`id`, `first_name`, `last_name`, `birthday`, `gender`, `movies_id`, `serials_id`, `created_at`, `updated_at`) VALUES (64, 'Willie', 'Kozey', '1992-01-05', '', 64, 14, '2020-02-27 14:33:21', '2021-06-12 11:54:37');
INSERT INTO `actors` (`id`, `first_name`, `last_name`, `birthday`, `gender`, `movies_id`, `serials_id`, `created_at`, `updated_at`) VALUES (65, 'Augustine', 'Glover', '1976-04-20', '', 65, 15, '1977-10-25 02:15:54', '2021-06-12 11:54:37');
INSERT INTO `actors` (`id`, `first_name`, `last_name`, `birthday`, `gender`, `movies_id`, `serials_id`, `created_at`, `updated_at`) VALUES (66, 'Baby', 'King', '2016-05-22', '', 66, 16, '2014-07-22 02:24:44', '2021-06-12 11:54:37');
INSERT INTO `actors` (`id`, `first_name`, `last_name`, `birthday`, `gender`, `movies_id`, `serials_id`, `created_at`, `updated_at`) VALUES (67, 'Mariane', 'Schneider', '1979-08-11', '', 67, 17, '2013-09-22 11:29:23', '2021-06-12 11:54:37');
INSERT INTO `actors` (`id`, `first_name`, `last_name`, `birthday`, `gender`, `movies_id`, `serials_id`, `created_at`, `updated_at`) VALUES (68, 'Esta', 'Keeling', '2016-12-26', '', 68, 18, '1996-04-29 02:24:29', '2021-06-12 11:54:37');
INSERT INTO `actors` (`id`, `first_name`, `last_name`, `birthday`, `gender`, `movies_id`, `serials_id`, `created_at`, `updated_at`) VALUES (69, 'Benton', 'Schowalter', '2016-11-26', '', 69, 19, '2005-12-20 08:44:18', '2021-06-12 11:54:37');
INSERT INTO `actors` (`id`, `first_name`, `last_name`, `birthday`, `gender`, `movies_id`, `serials_id`, `created_at`, `updated_at`) VALUES (70, 'Euna', 'Stracke', '1984-03-03', '', 70, 20, '2015-05-24 16:00:31', '2021-06-12 11:54:37');
INSERT INTO `actors` (`id`, `first_name`, `last_name`, `birthday`, `gender`, `movies_id`, `serials_id`, `created_at`, `updated_at`) VALUES (71, 'Verla', 'Jaskolski', '1970-09-07', '', 71, 21, '2013-08-08 06:43:56', '2021-06-12 11:54:37');
INSERT INTO `actors` (`id`, `first_name`, `last_name`, `birthday`, `gender`, `movies_id`, `serials_id`, `created_at`, `updated_at`) VALUES (72, 'Sonia', 'Gibson', '1990-12-26', '', 72, 22, '1976-10-03 23:21:27', '2021-06-12 11:54:37');
INSERT INTO `actors` (`id`, `first_name`, `last_name`, `birthday`, `gender`, `movies_id`, `serials_id`, `created_at`, `updated_at`) VALUES (73, 'Providenci', 'Stracke', '1987-02-28', '', 73, 23, '2018-07-02 04:53:11', '2021-06-12 11:54:37');
INSERT INTO `actors` (`id`, `first_name`, `last_name`, `birthday`, `gender`, `movies_id`, `serials_id`, `created_at`, `updated_at`) VALUES (74, 'Kyla', 'Hyatt', '1988-05-17', '', 74, 24, '1987-07-25 02:36:45', '2021-06-12 11:54:37');
INSERT INTO `actors` (`id`, `first_name`, `last_name`, `birthday`, `gender`, `movies_id`, `serials_id`, `created_at`, `updated_at`) VALUES (75, 'Jaycee', 'Dooley', '1990-11-30', '', 75, 25, '2019-03-26 10:31:05', '2021-06-12 11:54:37');
INSERT INTO `actors` (`id`, `first_name`, `last_name`, `birthday`, `gender`, `movies_id`, `serials_id`, `created_at`, `updated_at`) VALUES (76, 'Rahsaan', 'Block', '1980-05-12', '', 76, 26, '2009-08-08 18:24:41', '2021-06-12 11:54:37');
INSERT INTO `actors` (`id`, `first_name`, `last_name`, `birthday`, `gender`, `movies_id`, `serials_id`, `created_at`, `updated_at`) VALUES (77, 'Myrtis', 'Feil', '1996-12-18', '', 77, 27, '1997-12-09 19:33:43', '2021-06-12 11:54:37');
INSERT INTO `actors` (`id`, `first_name`, `last_name`, `birthday`, `gender`, `movies_id`, `serials_id`, `created_at`, `updated_at`) VALUES (78, 'Eliane', 'Terry', '1988-12-12', '', 78, 28, '1976-02-26 11:21:04', '2021-06-12 11:54:37');
INSERT INTO `actors` (`id`, `first_name`, `last_name`, `birthday`, `gender`, `movies_id`, `serials_id`, `created_at`, `updated_at`) VALUES (79, 'Gilda', 'Carter', '2018-07-13', '', 79, 29, '1979-06-12 04:17:51', '2021-06-12 11:54:37');
INSERT INTO `actors` (`id`, `first_name`, `last_name`, `birthday`, `gender`, `movies_id`, `serials_id`, `created_at`, `updated_at`) VALUES (80, 'Mckayla', 'Stehr', '2007-01-07', '', 80, 30, '2006-09-16 21:00:48', '2021-06-12 11:54:37');
INSERT INTO `actors` (`id`, `first_name`, `last_name`, `birthday`, `gender`, `movies_id`, `serials_id`, `created_at`, `updated_at`) VALUES (81, 'Samir', 'Stamm', '2015-10-03', '', 81, 31, '1992-02-23 02:09:14', '2021-06-12 11:54:37');
INSERT INTO `actors` (`id`, `first_name`, `last_name`, `birthday`, `gender`, `movies_id`, `serials_id`, `created_at`, `updated_at`) VALUES (82, 'Alfred', 'Hilpert', '2016-01-20', '', 82, 32, '1971-12-30 15:12:17', '2021-06-12 11:54:37');
INSERT INTO `actors` (`id`, `first_name`, `last_name`, `birthday`, `gender`, `movies_id`, `serials_id`, `created_at`, `updated_at`) VALUES (83, 'Dusty', 'Kling', '2015-05-16', '', 83, 33, '1976-07-07 05:48:37', '2021-06-12 11:54:37');
INSERT INTO `actors` (`id`, `first_name`, `last_name`, `birthday`, `gender`, `movies_id`, `serials_id`, `created_at`, `updated_at`) VALUES (84, 'Kayli', 'Kunde', '2020-03-18', '', 84, 34, '1976-05-16 09:55:06', '2021-06-12 11:54:37');
INSERT INTO `actors` (`id`, `first_name`, `last_name`, `birthday`, `gender`, `movies_id`, `serials_id`, `created_at`, `updated_at`) VALUES (85, 'Jamir', 'McLaughlin', '1973-08-25', '', 85, 35, '1991-07-01 22:22:35', '2021-06-12 11:54:37');
INSERT INTO `actors` (`id`, `first_name`, `last_name`, `birthday`, `gender`, `movies_id`, `serials_id`, `created_at`, `updated_at`) VALUES (86, 'Aaron', 'Huel', '2001-05-02', '', 86, 36, '2020-05-06 07:20:14', '2021-06-12 11:54:37');
INSERT INTO `actors` (`id`, `first_name`, `last_name`, `birthday`, `gender`, `movies_id`, `serials_id`, `created_at`, `updated_at`) VALUES (87, 'Brent', 'Beer', '1976-05-22', '', 87, 37, '1981-01-30 21:40:59', '2021-06-12 11:54:37');
INSERT INTO `actors` (`id`, `first_name`, `last_name`, `birthday`, `gender`, `movies_id`, `serials_id`, `created_at`, `updated_at`) VALUES (88, 'Jaleel', 'Gislason', '2000-10-02', '', 88, 38, '1982-06-19 04:21:39', '2021-06-12 11:54:37');
INSERT INTO `actors` (`id`, `first_name`, `last_name`, `birthday`, `gender`, `movies_id`, `serials_id`, `created_at`, `updated_at`) VALUES (89, 'Elody', 'O\'Connell', '1990-08-07', '', 89, 39, '1975-08-18 11:07:06', '2021-06-12 11:54:37');
INSERT INTO `actors` (`id`, `first_name`, `last_name`, `birthday`, `gender`, `movies_id`, `serials_id`, `created_at`, `updated_at`) VALUES (90, 'Elliot', 'Effertz', '1999-12-25', '', 90, 40, '2014-09-11 13:44:29', '2021-06-12 11:54:37');
INSERT INTO `actors` (`id`, `first_name`, `last_name`, `birthday`, `gender`, `movies_id`, `serials_id`, `created_at`, `updated_at`) VALUES (91, 'Dedric', 'Kshlerin', '2016-06-12', '', 91, 41, '2000-07-12 19:27:28', '2021-06-12 11:54:37');
INSERT INTO `actors` (`id`, `first_name`, `last_name`, `birthday`, `gender`, `movies_id`, `serials_id`, `created_at`, `updated_at`) VALUES (92, 'Josefina', 'Spinka', '1975-08-20', '', 92, 42, '1974-06-02 06:37:05', '2021-06-12 11:54:37');
INSERT INTO `actors` (`id`, `first_name`, `last_name`, `birthday`, `gender`, `movies_id`, `serials_id`, `created_at`, `updated_at`) VALUES (93, 'Lizzie', 'Rutherford', '2005-08-05', '', 93, 43, '1993-01-16 19:36:13', '2021-06-12 11:54:37');
INSERT INTO `actors` (`id`, `first_name`, `last_name`, `birthday`, `gender`, `movies_id`, `serials_id`, `created_at`, `updated_at`) VALUES (94, 'Kamren', 'Homenick', '1978-08-05', '', 94, 44, '2008-11-15 09:28:49', '2021-06-12 11:54:37');
INSERT INTO `actors` (`id`, `first_name`, `last_name`, `birthday`, `gender`, `movies_id`, `serials_id`, `created_at`, `updated_at`) VALUES (95, 'Loyce', 'Walker', '2012-05-07', '', 95, 45, '2017-04-11 01:12:32', '2021-06-12 11:54:37');
INSERT INTO `actors` (`id`, `first_name`, `last_name`, `birthday`, `gender`, `movies_id`, `serials_id`, `created_at`, `updated_at`) VALUES (96, 'Antoinette', 'Roberts', '1990-01-19', '', 96, 46, '2002-02-03 11:47:49', '2021-06-12 11:54:37');
INSERT INTO `actors` (`id`, `first_name`, `last_name`, `birthday`, `gender`, `movies_id`, `serials_id`, `created_at`, `updated_at`) VALUES (97, 'Orlando', 'Mohr', '2004-01-13', '', 97, 47, '1998-07-10 06:15:02', '2021-06-12 11:54:37');
INSERT INTO `actors` (`id`, `first_name`, `last_name`, `birthday`, `gender`, `movies_id`, `serials_id`, `created_at`, `updated_at`) VALUES (98, 'Annabell', 'Vandervort', '2009-02-20', '', 98, 48, '1971-02-19 15:59:42', '2021-06-12 11:54:37');
INSERT INTO `actors` (`id`, `first_name`, `last_name`, `birthday`, `gender`, `movies_id`, `serials_id`, `created_at`, `updated_at`) VALUES (99, 'Madge', 'Jenkins', '1998-02-27', '', 99, 49, '1992-09-24 21:11:58', '2021-06-12 11:54:37');
INSERT INTO `actors` (`id`, `first_name`, `last_name`, `birthday`, `gender`, `movies_id`, `serials_id`, `created_at`, `updated_at`) VALUES (100, 'Carter', 'Leuschke', '1990-08-12', '', 100, 50, '1997-01-23 09:37:33', '2021-06-12 11:54:37');

#
# TABLE STRUCTURE FOR: users
#

INSERT INTO `users` (`id`, `first_name`, `last_name`, `gender`, `email`, `phone`, `birthday`, `created_at`, `updated_at`) VALUES (1, 'Ken', 'Bashirian', '', 'vesta45@example.com', '366-723-0299', '1971-01-31', '1981-01-17 04:16:22', '2021-06-12 11:55:21');
INSERT INTO `users` (`id`, `first_name`, `last_name`, `gender`, `email`, `phone`, `birthday`, `created_at`, `updated_at`) VALUES (2, 'Priscilla', 'Gaylord', '', 'reynolds.vilma@example.com', '671-900-3274x117', '1980-11-29', '1980-08-29 02:45:04', '2021-06-12 11:55:21');
INSERT INTO `users` (`id`, `first_name`, `last_name`, `gender`, `email`, `phone`, `birthday`, `created_at`, `updated_at`) VALUES (3, 'Conor', 'Dare', '', 'jlockman@example.org', '(157)648-1610', '1983-01-14', '2017-10-25 18:32:36', '2021-06-12 11:55:21');
INSERT INTO `users` (`id`, `first_name`, `last_name`, `gender`, `email`, `phone`, `birthday`, `created_at`, `updated_at`) VALUES (4, 'Sammy', 'Fadel', '', 'daugherty.kelley@example.org', '188.505.9342x5053', '1981-05-01', '1971-07-14 17:01:43', '2021-06-12 11:55:21');
INSERT INTO `users` (`id`, `first_name`, `last_name`, `gender`, `email`, `phone`, `birthday`, `created_at`, `updated_at`) VALUES (5, 'Matilde', 'Conn', '', 'kane52@example.org', '08015146686', '1979-06-30', '2013-07-12 19:15:44', '2021-06-12 11:55:21');
INSERT INTO `users` (`id`, `first_name`, `last_name`, `gender`, `email`, `phone`, `birthday`, `created_at`, `updated_at`) VALUES (6, 'Grace', 'Tromp', '', 'elnora.kirlin@example.net', '+31(2)3700661102', '2004-10-12', '2012-11-26 01:44:02', '2021-06-12 11:55:21');
INSERT INTO `users` (`id`, `first_name`, `last_name`, `gender`, `email`, `phone`, `birthday`, `created_at`, `updated_at`) VALUES (7, 'Molly', 'Thompson', '', 'mbins@example.net', '(552)869-7327x6107', '2014-01-12', '2020-01-19 23:42:53', '2021-06-12 11:55:21');
INSERT INTO `users` (`id`, `first_name`, `last_name`, `gender`, `email`, `phone`, `birthday`, `created_at`, `updated_at`) VALUES (8, 'Terrell', 'Wolff', '', 'lon18@example.net', '+29(2)1620470445', '1992-06-28', '2011-10-24 16:44:43', '2021-06-12 11:55:21');
INSERT INTO `users` (`id`, `first_name`, `last_name`, `gender`, `email`, `phone`, `birthday`, `created_at`, `updated_at`) VALUES (9, 'Ashly', 'Frami', '', 'uryan@example.net', '1-957-492-5479x9452', '2020-02-20', '1982-02-21 11:25:25', '2021-06-12 11:55:21');
INSERT INTO `users` (`id`, `first_name`, `last_name`, `gender`, `email`, `phone`, `birthday`, `created_at`, `updated_at`) VALUES (10, 'Herminio', 'Morar', '', 'dusty.lubowitz@example.org', '882.476.5147', '1976-01-19', '2006-10-30 00:26:19', '2021-06-12 11:55:21');
INSERT INTO `users` (`id`, `first_name`, `last_name`, `gender`, `email`, `phone`, `birthday`, `created_at`, `updated_at`) VALUES (11, 'Tia', 'Batz', '', 'sdickinson@example.net', '530-440-4447x4581', '2008-03-03', '1979-05-18 14:56:58', '2021-06-12 11:55:21');
INSERT INTO `users` (`id`, `first_name`, `last_name`, `gender`, `email`, `phone`, `birthday`, `created_at`, `updated_at`) VALUES (12, 'Lester', 'Padberg', '', 'ferry.marian@example.org', '(949)260-6122x254', '2012-02-25', '1978-03-06 15:18:24', '2021-06-12 11:55:21');
INSERT INTO `users` (`id`, `first_name`, `last_name`, `gender`, `email`, `phone`, `birthday`, `created_at`, `updated_at`) VALUES (13, 'Russ', 'Kerluke', '', 'pagac.sebastian@example.org', '210.423.2319x948', '1999-12-16', '1995-03-13 21:43:56', '2021-06-12 11:55:21');
INSERT INTO `users` (`id`, `first_name`, `last_name`, `gender`, `email`, `phone`, `birthday`, `created_at`, `updated_at`) VALUES (14, 'Lea', 'Hegmann', '', 'garfield.conn@example.com', '+09(2)3197239478', '2002-11-22', '2010-04-11 12:42:10', '2021-06-12 11:55:21');
INSERT INTO `users` (`id`, `first_name`, `last_name`, `gender`, `email`, `phone`, `birthday`, `created_at`, `updated_at`) VALUES (15, 'Nathanial', 'Crist', '', 'ojacobs@example.net', '228.055.5137x873', '2000-10-12', '1974-12-07 07:42:46', '2021-06-12 11:55:21');
INSERT INTO `users` (`id`, `first_name`, `last_name`, `gender`, `email`, `phone`, `birthday`, `created_at`, `updated_at`) VALUES (16, 'Lukas', 'Cassin', '', 'denesik.hazel@example.org', '+12(6)6262575650', '1998-07-27', '1989-01-11 10:22:26', '2021-06-12 11:55:21');
INSERT INTO `users` (`id`, `first_name`, `last_name`, `gender`, `email`, `phone`, `birthday`, `created_at`, `updated_at`) VALUES (17, 'Jerel', 'Jakubowski', '', 'corwin.brady@example.com', '449-467-4404x8538', '2008-06-03', '1995-03-17 11:58:19', '2021-06-12 11:55:21');
INSERT INTO `users` (`id`, `first_name`, `last_name`, `gender`, `email`, `phone`, `birthday`, `created_at`, `updated_at`) VALUES (18, 'Bessie', 'Howell', '', 'edwardo68@example.com', '1-242-785-0624x33172', '2018-11-30', '2020-04-27 19:01:46', '2021-06-12 11:55:21');
INSERT INTO `users` (`id`, `first_name`, `last_name`, `gender`, `email`, `phone`, `birthday`, `created_at`, `updated_at`) VALUES (19, 'Berry', 'Smitham', '', 'purdy.carmel@example.com', '313.784.9350x416', '1970-01-10', '1994-02-23 14:17:46', '2021-06-12 11:55:21');
INSERT INTO `users` (`id`, `first_name`, `last_name`, `gender`, `email`, `phone`, `birthday`, `created_at`, `updated_at`) VALUES (20, 'Catalina', 'Moore', '', 'dietrich.skye@example.com', '(738)104-3160', '1977-09-20', '2002-04-27 03:18:51', '2021-06-12 11:55:21');
INSERT INTO `users` (`id`, `first_name`, `last_name`, `gender`, `email`, `phone`, `birthday`, `created_at`, `updated_at`) VALUES (21, 'Emmet', 'Jacobi', '', 'jprice@example.net', '147.540.2517x8043', '2014-11-11', '2010-08-15 08:13:52', '2021-06-12 11:55:21');
INSERT INTO `users` (`id`, `first_name`, `last_name`, `gender`, `email`, `phone`, `birthday`, `created_at`, `updated_at`) VALUES (22, 'Pierce', 'Kerluke', '', 'dickens.nelle@example.org', '1-311-055-4499x5219', '1995-08-09', '2001-11-05 17:19:33', '2021-06-12 11:55:21');
INSERT INTO `users` (`id`, `first_name`, `last_name`, `gender`, `email`, `phone`, `birthday`, `created_at`, `updated_at`) VALUES (23, 'Alexandria', 'Auer', '', 'aaliyah67@example.com', '210-304-4001x434', '2015-12-22', '2015-08-20 17:05:55', '2021-06-12 11:55:21');
INSERT INTO `users` (`id`, `first_name`, `last_name`, `gender`, `email`, `phone`, `birthday`, `created_at`, `updated_at`) VALUES (24, 'Leanne', 'Schamberger', '', 'rebeca96@example.com', '060-390-5181', '1981-06-10', '1996-02-11 03:46:08', '2021-06-12 11:55:21');
INSERT INTO `users` (`id`, `first_name`, `last_name`, `gender`, `email`, `phone`, `birthday`, `created_at`, `updated_at`) VALUES (25, 'Johann', 'Hagenes', '', 'brekke.vena@example.com', '+15(6)4224534597', '1970-07-08', '2017-07-16 05:00:50', '2021-06-12 11:55:21');
INSERT INTO `users` (`id`, `first_name`, `last_name`, `gender`, `email`, `phone`, `birthday`, `created_at`, `updated_at`) VALUES (26, 'Cleora', 'Marvin', '', 'wiza.johann@example.org', '148.298.4574x4985', '2012-06-27', '1988-06-27 11:05:20', '2021-06-12 11:55:21');
INSERT INTO `users` (`id`, `first_name`, `last_name`, `gender`, `email`, `phone`, `birthday`, `created_at`, `updated_at`) VALUES (27, 'Herminia', 'Bernier', '', 'alf.dicki@example.com', '(037)738-2327', '2012-10-05', '1980-07-13 20:30:18', '2021-06-12 11:55:21');
INSERT INTO `users` (`id`, `first_name`, `last_name`, `gender`, `email`, `phone`, `birthday`, `created_at`, `updated_at`) VALUES (28, 'Willis', 'Friesen', '', 'fshanahan@example.com', '101.507.1470x41093', '1977-05-20', '1995-04-30 04:44:54', '2021-06-12 11:55:21');
INSERT INTO `users` (`id`, `first_name`, `last_name`, `gender`, `email`, `phone`, `birthday`, `created_at`, `updated_at`) VALUES (29, 'Fatima', 'Stokes', '', 'jacky.glover@example.org', '743.169.0377', '2010-03-03', '1974-09-06 04:55:46', '2021-06-12 11:55:21');
INSERT INTO `users` (`id`, `first_name`, `last_name`, `gender`, `email`, `phone`, `birthday`, `created_at`, `updated_at`) VALUES (30, 'Darien', 'Purdy', '', 'welch.andreanne@example.com', '168-274-3477', '2013-03-15', '2010-04-25 22:19:51', '2021-06-12 11:55:21');
INSERT INTO `users` (`id`, `first_name`, `last_name`, `gender`, `email`, `phone`, `birthday`, `created_at`, `updated_at`) VALUES (31, 'Corene', 'Feeney', '', 'lenora.konopelski@example.com', '+90(8)3352979359', '1991-02-12', '2003-01-19 14:42:39', '2021-06-12 11:55:21');
INSERT INTO `users` (`id`, `first_name`, `last_name`, `gender`, `email`, `phone`, `birthday`, `created_at`, `updated_at`) VALUES (32, 'Amaya', 'Rau', '', 'wunsch.tessie@example.com', '07146347775', '2003-10-05', '1990-12-01 22:10:05', '2021-06-12 11:55:21');
INSERT INTO `users` (`id`, `first_name`, `last_name`, `gender`, `email`, `phone`, `birthday`, `created_at`, `updated_at`) VALUES (33, 'Alessandra', 'Hansen', '', 'abe39@example.com', '529.800.8164', '1979-11-14', '2006-04-22 12:36:57', '2021-06-12 11:55:21');
INSERT INTO `users` (`id`, `first_name`, `last_name`, `gender`, `email`, `phone`, `birthday`, `created_at`, `updated_at`) VALUES (34, 'Nova', 'Stokes', '', 'whyatt@example.com', '1-019-902-3216', '1974-11-25', '2001-04-18 00:42:44', '2021-06-12 11:55:21');
INSERT INTO `users` (`id`, `first_name`, `last_name`, `gender`, `email`, `phone`, `birthday`, `created_at`, `updated_at`) VALUES (35, 'Zoey', 'VonRueden', '', 'tfahey@example.com', '559-739-0128x9276', '1983-04-06', '1999-08-24 23:26:56', '2021-06-12 11:55:21');
INSERT INTO `users` (`id`, `first_name`, `last_name`, `gender`, `email`, `phone`, `birthday`, `created_at`, `updated_at`) VALUES (36, 'Ona', 'Veum', '', 'dane.hoppe@example.com', '445-068-1690x85874', '1980-07-27', '1995-11-17 21:22:30', '2021-06-12 11:55:21');
INSERT INTO `users` (`id`, `first_name`, `last_name`, `gender`, `email`, `phone`, `birthday`, `created_at`, `updated_at`) VALUES (37, 'Wayne', 'Spinka', '', 'yundt.amelie@example.net', '(007)025-6388x0672', '1977-04-05', '1991-01-11 15:39:34', '2021-06-12 11:55:21');
INSERT INTO `users` (`id`, `first_name`, `last_name`, `gender`, `email`, `phone`, `birthday`, `created_at`, `updated_at`) VALUES (38, 'Anahi', 'Lockman', '', 'cruickshank.reina@example.com', '(647)223-6624', '2016-03-14', '1992-10-16 18:16:30', '2021-06-12 11:55:21');
INSERT INTO `users` (`id`, `first_name`, `last_name`, `gender`, `email`, `phone`, `birthday`, `created_at`, `updated_at`) VALUES (39, 'Shyann', 'Doyle', '', 'kayley.champlin@example.org', '(082)255-4484x9256', '2006-12-21', '1994-12-26 20:25:43', '2021-06-12 11:55:21');
INSERT INTO `users` (`id`, `first_name`, `last_name`, `gender`, `email`, `phone`, `birthday`, `created_at`, `updated_at`) VALUES (40, 'Demarcus', 'O\'Reilly', '', 'bradly.veum@example.net', '(409)372-2790x79182', '1993-10-15', '2005-10-31 22:49:50', '2021-06-12 11:55:21');
INSERT INTO `users` (`id`, `first_name`, `last_name`, `gender`, `email`, `phone`, `birthday`, `created_at`, `updated_at`) VALUES (41, 'David', 'Altenwerth', '', 'gbayer@example.com', '(911)273-8032x76049', '2000-08-31', '1971-02-10 11:03:12', '2021-06-12 11:55:21');
INSERT INTO `users` (`id`, `first_name`, `last_name`, `gender`, `email`, `phone`, `birthday`, `created_at`, `updated_at`) VALUES (42, 'Edwina', 'Erdman', '', 'jude.flatley@example.org', '122.997.9563x87672', '2019-02-19', '1994-04-21 03:03:58', '2021-06-12 11:55:21');
INSERT INTO `users` (`id`, `first_name`, `last_name`, `gender`, `email`, `phone`, `birthday`, `created_at`, `updated_at`) VALUES (43, 'Kory', 'Kihn', '', 'nya86@example.net', '1-080-908-2433x1773', '1978-04-23', '1984-11-27 18:44:51', '2021-06-12 11:55:21');
INSERT INTO `users` (`id`, `first_name`, `last_name`, `gender`, `email`, `phone`, `birthday`, `created_at`, `updated_at`) VALUES (44, 'Era', 'Franecki', '', 'edgardo16@example.org', '1-241-067-2644x24917', '1989-03-09', '1978-03-27 00:46:31', '2021-06-12 11:55:21');
INSERT INTO `users` (`id`, `first_name`, `last_name`, `gender`, `email`, `phone`, `birthday`, `created_at`, `updated_at`) VALUES (45, 'Laurine', 'Metz', '', 'stracke.royce@example.org', '1-878-682-0348x324', '1977-12-25', '1977-08-08 19:53:53', '2021-06-12 11:55:21');
INSERT INTO `users` (`id`, `first_name`, `last_name`, `gender`, `email`, `phone`, `birthday`, `created_at`, `updated_at`) VALUES (46, 'Sidney', 'Becker', '', 'bogisich.julien@example.org', '758.037.4798x416', '1991-03-04', '1971-07-01 12:34:22', '2021-06-12 11:55:21');
INSERT INTO `users` (`id`, `first_name`, `last_name`, `gender`, `email`, `phone`, `birthday`, `created_at`, `updated_at`) VALUES (47, 'Ova', 'Waters', '', 'trinity.schaden@example.org', '732-023-4848', '2016-06-03', '2005-09-14 11:23:56', '2021-06-12 11:55:21');
INSERT INTO `users` (`id`, `first_name`, `last_name`, `gender`, `email`, `phone`, `birthday`, `created_at`, `updated_at`) VALUES (48, 'Sage', 'Runte', '', 'cleuschke@example.com', '792.633.3367', '2014-07-01', '2005-12-30 07:07:21', '2021-06-12 11:55:21');
INSERT INTO `users` (`id`, `first_name`, `last_name`, `gender`, `email`, `phone`, `birthday`, `created_at`, `updated_at`) VALUES (49, 'Lempi', 'Schuppe', '', 'polly.dooley@example.net', '1-312-726-2934', '1975-06-03', '1996-08-14 04:55:32', '2021-06-12 11:55:21');
INSERT INTO `users` (`id`, `first_name`, `last_name`, `gender`, `email`, `phone`, `birthday`, `created_at`, `updated_at`) VALUES (50, 'Doris', 'McLaughlin', '', 'lewis.huels@example.org', '150-731-2877x9542', '1997-02-03', '2020-05-25 20:25:06', '2021-06-12 11:55:21');
INSERT INTO `users` (`id`, `first_name`, `last_name`, `gender`, `email`, `phone`, `birthday`, `created_at`, `updated_at`) VALUES (51, 'Austen', 'Block', '', 'cmoen@example.com', '+56(3)1610810986', '2010-06-22', '1977-09-29 18:19:20', '2021-06-12 11:55:21');
INSERT INTO `users` (`id`, `first_name`, `last_name`, `gender`, `email`, `phone`, `birthday`, `created_at`, `updated_at`) VALUES (52, 'Enola', 'Buckridge', '', 'lgusikowski@example.com', '755-562-2811x324', '1989-03-11', '1979-10-13 07:41:04', '2021-06-12 11:55:21');
INSERT INTO `users` (`id`, `first_name`, `last_name`, `gender`, `email`, `phone`, `birthday`, `created_at`, `updated_at`) VALUES (53, 'Tina', 'Kuhlman', '', 'polly53@example.com', '1-680-197-8365', '2016-03-21', '1992-03-17 19:58:46', '2021-06-12 11:55:21');
INSERT INTO `users` (`id`, `first_name`, `last_name`, `gender`, `email`, `phone`, `birthday`, `created_at`, `updated_at`) VALUES (54, 'Joel', 'Blanda', '', 'nbednar@example.com', '1-811-333-2770x9747', '1993-12-30', '1987-01-18 00:14:51', '2021-06-12 11:55:21');
INSERT INTO `users` (`id`, `first_name`, `last_name`, `gender`, `email`, `phone`, `birthday`, `created_at`, `updated_at`) VALUES (55, 'Margarett', 'Heller', '', 'veum.reggie@example.org', '658.500.4432x1543', '1985-11-25', '1982-01-28 00:55:33', '2021-06-12 11:55:21');
INSERT INTO `users` (`id`, `first_name`, `last_name`, `gender`, `email`, `phone`, `birthday`, `created_at`, `updated_at`) VALUES (56, 'Korbin', 'Gusikowski', '', 'wbraun@example.com', '05090291705', '1992-01-13', '2013-06-09 04:17:09', '2021-06-12 11:55:21');
INSERT INTO `users` (`id`, `first_name`, `last_name`, `gender`, `email`, `phone`, `birthday`, `created_at`, `updated_at`) VALUES (57, 'Allen', 'Mraz', '', 'yzieme@example.net', '1-004-687-7196x36664', '1981-08-01', '1981-09-28 09:13:05', '2021-06-12 11:55:21');
INSERT INTO `users` (`id`, `first_name`, `last_name`, `gender`, `email`, `phone`, `birthday`, `created_at`, `updated_at`) VALUES (58, 'Ethan', 'Harber', '', 'braeden.stokes@example.org', '505-809-5042x82711', '1975-11-09', '2001-02-10 06:50:21', '2021-06-12 11:55:21');
INSERT INTO `users` (`id`, `first_name`, `last_name`, `gender`, `email`, `phone`, `birthday`, `created_at`, `updated_at`) VALUES (59, 'Darius', 'Kassulke', '', 'kilback.dorris@example.com', '(862)751-2043x6170', '1984-02-26', '2005-09-04 09:58:33', '2021-06-12 11:55:21');
INSERT INTO `users` (`id`, `first_name`, `last_name`, `gender`, `email`, `phone`, `birthday`, `created_at`, `updated_at`) VALUES (60, 'Donato', 'Kuhic', '', 'thomas.luettgen@example.com', '(066)407-7766', '2007-08-26', '1971-03-28 05:00:17', '2021-06-12 11:55:21');
INSERT INTO `users` (`id`, `first_name`, `last_name`, `gender`, `email`, `phone`, `birthday`, `created_at`, `updated_at`) VALUES (61, 'Tyrel', 'Kuhn', '', 'lowell.schmitt@example.com', '(436)284-7353x1199', '1978-07-20', '2018-04-01 15:45:27', '2021-06-12 11:55:21');
INSERT INTO `users` (`id`, `first_name`, `last_name`, `gender`, `email`, `phone`, `birthday`, `created_at`, `updated_at`) VALUES (62, 'Gunnar', 'Stehr', '', 'nikita.kreiger@example.com', '213-489-4726', '1979-12-05', '1989-01-21 16:25:53', '2021-06-12 11:55:21');
INSERT INTO `users` (`id`, `first_name`, `last_name`, `gender`, `email`, `phone`, `birthday`, `created_at`, `updated_at`) VALUES (63, 'Gerson', 'Bergstrom', '', 'tkemmer@example.net', '030-010-3986x6544', '1987-07-24', '1983-01-14 11:25:13', '2021-06-12 11:55:21');
INSERT INTO `users` (`id`, `first_name`, `last_name`, `gender`, `email`, `phone`, `birthday`, `created_at`, `updated_at`) VALUES (64, 'Alize', 'Nienow', '', 'edavis@example.net', '1-623-767-9467x982', '1973-05-19', '1996-11-08 09:40:42', '2021-06-12 11:55:21');
INSERT INTO `users` (`id`, `first_name`, `last_name`, `gender`, `email`, `phone`, `birthday`, `created_at`, `updated_at`) VALUES (65, 'Norris', 'Langosh', '', 'angelica.ratke@example.com', '1-705-108-6666x7373', '1981-04-16', '1978-09-22 00:26:53', '2021-06-12 11:55:21');
INSERT INTO `users` (`id`, `first_name`, `last_name`, `gender`, `email`, `phone`, `birthday`, `created_at`, `updated_at`) VALUES (66, 'Cyrus', 'Rosenbaum', '', 'roel10@example.org', '1-475-123-3815', '2001-03-23', '1977-11-22 01:58:49', '2021-06-12 11:55:21');
INSERT INTO `users` (`id`, `first_name`, `last_name`, `gender`, `email`, `phone`, `birthday`, `created_at`, `updated_at`) VALUES (67, 'Florine', 'Hettinger', '', 'astrosin@example.com', '1-173-137-3455x379', '1986-03-17', '2008-05-03 06:04:39', '2021-06-12 11:55:21');
INSERT INTO `users` (`id`, `first_name`, `last_name`, `gender`, `email`, `phone`, `birthday`, `created_at`, `updated_at`) VALUES (68, 'Chelsie', 'Stamm', '', 'georgianna.hoeger@example.com', '+13(7)3874434881', '1985-10-01', '1992-03-26 02:58:16', '2021-06-12 11:55:21');
INSERT INTO `users` (`id`, `first_name`, `last_name`, `gender`, `email`, `phone`, `birthday`, `created_at`, `updated_at`) VALUES (69, 'Clementine', 'Bernier', '', 'satterfield.alejandrin@example.net', '(278)565-0686x749', '1995-04-21', '2008-10-21 21:52:12', '2021-06-12 11:55:21');
INSERT INTO `users` (`id`, `first_name`, `last_name`, `gender`, `email`, `phone`, `birthday`, `created_at`, `updated_at`) VALUES (70, 'Chance', 'Sauer', '', 'mike.beer@example.com', '1-628-640-8803', '1972-10-14', '2001-02-07 18:32:18', '2021-06-12 11:55:21');
INSERT INTO `users` (`id`, `first_name`, `last_name`, `gender`, `email`, `phone`, `birthday`, `created_at`, `updated_at`) VALUES (71, 'Gunnar', 'Howe', '', 'deven31@example.org', '977.509.8591x088', '2010-03-19', '2007-03-20 19:36:00', '2021-06-12 11:55:21');
INSERT INTO `users` (`id`, `first_name`, `last_name`, `gender`, `email`, `phone`, `birthday`, `created_at`, `updated_at`) VALUES (72, 'Juvenal', 'Sanford', '', 'breanna91@example.org', '621-620-1860x15901', '2012-03-08', '1972-02-17 08:18:20', '2021-06-12 11:55:21');
INSERT INTO `users` (`id`, `first_name`, `last_name`, `gender`, `email`, `phone`, `birthday`, `created_at`, `updated_at`) VALUES (73, 'Fay', 'Wolff', '', 'vzieme@example.net', '(817)028-0858x828', '2003-04-09', '2015-08-08 19:35:40', '2021-06-12 11:55:21');
INSERT INTO `users` (`id`, `first_name`, `last_name`, `gender`, `email`, `phone`, `birthday`, `created_at`, `updated_at`) VALUES (74, 'Brock', 'Homenick', '', 'wkub@example.org', '114-639-9603', '2005-04-09', '2016-04-23 13:43:21', '2021-06-12 11:55:21');
INSERT INTO `users` (`id`, `first_name`, `last_name`, `gender`, `email`, `phone`, `birthday`, `created_at`, `updated_at`) VALUES (75, 'Esther', 'Reilly', '', 'giuseppe.dietrich@example.net', '1-601-796-0954x6873', '1974-01-04', '1999-08-10 00:13:56', '2021-06-12 11:55:21');
INSERT INTO `users` (`id`, `first_name`, `last_name`, `gender`, `email`, `phone`, `birthday`, `created_at`, `updated_at`) VALUES (76, 'Braeden', 'Friesen', '', 'cassin.josianne@example.net', '640-048-8284', '2010-07-01', '1977-01-17 23:50:25', '2021-06-12 11:55:21');
INSERT INTO `users` (`id`, `first_name`, `last_name`, `gender`, `email`, `phone`, `birthday`, `created_at`, `updated_at`) VALUES (77, 'Belle', 'Flatley', '', 'lmckenzie@example.org', '096-122-1787x857', '2018-11-07', '1999-08-05 09:54:45', '2021-06-12 11:55:21');
INSERT INTO `users` (`id`, `first_name`, `last_name`, `gender`, `email`, `phone`, `birthday`, `created_at`, `updated_at`) VALUES (78, 'Concepcion', 'Kemmer', '', 'hudson.mozell@example.org', '1-780-358-2221x87124', '1996-11-29', '1987-07-14 19:02:16', '2021-06-12 11:55:21');
INSERT INTO `users` (`id`, `first_name`, `last_name`, `gender`, `email`, `phone`, `birthday`, `created_at`, `updated_at`) VALUES (79, 'Lucius', 'Effertz', '', 'bruce29@example.net', '984-859-8415', '2005-12-23', '2004-02-03 17:03:08', '2021-06-12 11:55:21');
INSERT INTO `users` (`id`, `first_name`, `last_name`, `gender`, `email`, `phone`, `birthday`, `created_at`, `updated_at`) VALUES (80, 'Chris', 'Herman', '', 'bpowlowski@example.net', '+80(4)5218600889', '2002-11-10', '1979-04-06 02:12:01', '2021-06-12 11:55:21');
INSERT INTO `users` (`id`, `first_name`, `last_name`, `gender`, `email`, `phone`, `birthday`, `created_at`, `updated_at`) VALUES (81, 'Providenci', 'Abbott', '', 'ernesto.wiza@example.net', '03261527832', '2019-12-04', '1973-11-26 19:16:41', '2021-06-12 11:55:21');
INSERT INTO `users` (`id`, `first_name`, `last_name`, `gender`, `email`, `phone`, `birthday`, `created_at`, `updated_at`) VALUES (82, 'Mittie', 'Hermiston', '', 'ephraim.gulgowski@example.org', '1-061-886-7939x1315', '2017-08-18', '1978-04-01 03:30:46', '2021-06-12 11:55:21');
INSERT INTO `users` (`id`, `first_name`, `last_name`, `gender`, `email`, `phone`, `birthday`, `created_at`, `updated_at`) VALUES (83, 'Tracey', 'Von', '', 'bailey.francesca@example.org', '1-742-793-2983x79554', '1997-02-28', '2020-03-11 16:32:29', '2021-06-12 11:55:21');
INSERT INTO `users` (`id`, `first_name`, `last_name`, `gender`, `email`, `phone`, `birthday`, `created_at`, `updated_at`) VALUES (84, 'Hazel', 'Emard', '', 'stewart.haley@example.org', '505-800-0894x78382', '2006-05-19', '2017-09-16 18:31:48', '2021-06-12 11:55:21');
INSERT INTO `users` (`id`, `first_name`, `last_name`, `gender`, `email`, `phone`, `birthday`, `created_at`, `updated_at`) VALUES (85, 'Fredy', 'Lesch', '', 'derick42@example.net', '1-741-748-8990x73336', '1971-07-26', '1981-07-06 03:15:14', '2021-06-12 11:55:21');
INSERT INTO `users` (`id`, `first_name`, `last_name`, `gender`, `email`, `phone`, `birthday`, `created_at`, `updated_at`) VALUES (86, 'Obie', 'Jaskolski', '', 'urobel@example.net', '1-950-168-7480x703', '1982-05-30', '1976-10-04 15:48:57', '2021-06-12 11:55:21');
INSERT INTO `users` (`id`, `first_name`, `last_name`, `gender`, `email`, `phone`, `birthday`, `created_at`, `updated_at`) VALUES (87, 'Lyda', 'Goodwin', '', 'kub.eudora@example.net', '1-226-058-3073x3024', '2014-03-12', '2007-12-30 18:54:47', '2021-06-12 11:55:21');
INSERT INTO `users` (`id`, `first_name`, `last_name`, `gender`, `email`, `phone`, `birthday`, `created_at`, `updated_at`) VALUES (88, 'Kaylin', 'Kuhlman', '', 'candace83@example.org', '933-076-6867', '1999-09-23', '2015-12-31 00:56:39', '2021-06-12 11:55:21');
INSERT INTO `users` (`id`, `first_name`, `last_name`, `gender`, `email`, `phone`, `birthday`, `created_at`, `updated_at`) VALUES (89, 'Jon', 'Leuschke', '', 'orin.abshire@example.org', '606-229-1001', '1981-04-05', '1979-08-10 18:46:13', '2021-06-12 11:55:21');
INSERT INTO `users` (`id`, `first_name`, `last_name`, `gender`, `email`, `phone`, `birthday`, `created_at`, `updated_at`) VALUES (90, 'Ervin', 'Mertz', '', 'towne.omari@example.org', '954-125-5301x820', '1997-07-23', '1991-04-22 00:57:23', '2021-06-12 11:55:21');
INSERT INTO `users` (`id`, `first_name`, `last_name`, `gender`, `email`, `phone`, `birthday`, `created_at`, `updated_at`) VALUES (91, 'Pinkie', 'Zieme', '', 'aiyana.quigley@example.net', '(525)426-9617x6607', '1990-08-07', '2012-09-14 16:10:53', '2021-06-12 11:55:21');
INSERT INTO `users` (`id`, `first_name`, `last_name`, `gender`, `email`, `phone`, `birthday`, `created_at`, `updated_at`) VALUES (92, 'Lesly', 'Hauck', '', 'cheyenne39@example.com', '02814740974', '2018-04-19', '2011-03-28 11:56:35', '2021-06-12 11:55:21');
INSERT INTO `users` (`id`, `first_name`, `last_name`, `gender`, `email`, `phone`, `birthday`, `created_at`, `updated_at`) VALUES (93, 'Enoch', 'Anderson', '', 'bradtke.lennie@example.org', '1-150-072-4736x695', '1974-04-14', '1996-11-09 05:05:05', '2021-06-12 11:55:21');
INSERT INTO `users` (`id`, `first_name`, `last_name`, `gender`, `email`, `phone`, `birthday`, `created_at`, `updated_at`) VALUES (94, 'Kade', 'Heidenreich', '', 'joanne.welch@example.org', '(329)961-8366x3515', '1979-03-24', '1983-09-04 19:51:40', '2021-06-12 11:55:21');
INSERT INTO `users` (`id`, `first_name`, `last_name`, `gender`, `email`, `phone`, `birthday`, `created_at`, `updated_at`) VALUES (95, 'Logan', 'Kohler', '', 'tanya09@example.com', '830.831.9776', '1975-02-09', '1994-04-13 03:14:59', '2021-06-12 11:55:21');
INSERT INTO `users` (`id`, `first_name`, `last_name`, `gender`, `email`, `phone`, `birthday`, `created_at`, `updated_at`) VALUES (96, 'Wilhelm', 'Lynch', '', 'turcotte.kaya@example.org', '1-074-794-3780', '2009-04-19', '1995-09-27 11:49:20', '2021-06-12 11:55:21');
INSERT INTO `users` (`id`, `first_name`, `last_name`, `gender`, `email`, `phone`, `birthday`, `created_at`, `updated_at`) VALUES (97, 'Althea', 'Hagenes', '', 'pluettgen@example.com', '+01(3)1446357382', '1994-10-03', '1979-05-09 18:17:43', '2021-06-12 11:55:21');
INSERT INTO `users` (`id`, `first_name`, `last_name`, `gender`, `email`, `phone`, `birthday`, `created_at`, `updated_at`) VALUES (98, 'Pansy', 'Nitzsche', '', 'ken32@example.org', '1-606-019-3277', '1988-08-06', '1975-03-07 20:31:12', '2021-06-12 11:55:21');
INSERT INTO `users` (`id`, `first_name`, `last_name`, `gender`, `email`, `phone`, `birthday`, `created_at`, `updated_at`) VALUES (99, 'Curtis', 'Monahan', '', 'kihn.lilian@example.org', '806.316.1556x36969', '1982-04-21', '2005-06-17 00:43:00', '2021-06-12 11:55:21');
INSERT INTO `users` (`id`, `first_name`, `last_name`, `gender`, `email`, `phone`, `birthday`, `created_at`, `updated_at`) VALUES (100, 'Aracely', 'Beahan', '', 'haley.hettie@example.net', '1-901-996-9087x185', '1994-09-18', '1983-11-24 22:29:18', '2021-06-12 11:55:21');

#
# TABLE STRUCTURE FOR: subscribes
#

INSERT INTO `subscribes` (`id`, `subscribe_name`, `created_at`, `updated_at`) VALUES (1, 'officia', '1990-06-25 05:18:47', '2021-06-12 11:55:40');
INSERT INTO `subscribes` (`id`, `subscribe_name`, `created_at`, `updated_at`) VALUES (2, 'rerum', '1974-12-08 12:18:19', '2021-06-12 11:55:40');
INSERT INTO `subscribes` (`id`, `subscribe_name`, `created_at`, `updated_at`) VALUES (3, 'ullam', '1991-05-17 20:47:42', '2021-06-12 11:55:40');
INSERT INTO `subscribes` (`id`, `subscribe_name`, `created_at`, `updated_at`) VALUES (4, 'accusantium', '2018-10-02 11:34:46', '2021-06-12 11:55:40');


#
# TABLE STRUCTURE FOR: profiles
#

INSERT INTO `profiles` (`id`, `user_id`, `nick_name`, `subscribe_id`, `subscribe_status`, `created_at`, `updated_at`) VALUES (1, 1, 'et', NULL, 1, '2018-03-31 00:29:42', '2021-06-12 11:56:54');
INSERT INTO `profiles` (`id`, `user_id`, `nick_name`, `subscribe_id`, `subscribe_status`, `created_at`, `updated_at`) VALUES (2, 2, 'repellendus', NULL, 2, '1976-08-24 22:31:07', '2021-06-12 11:56:54');
INSERT INTO `profiles` (`id`, `user_id`, `nick_name`, `subscribe_id`, `subscribe_status`, `created_at`, `updated_at`) VALUES (3, 3, 'inventore', NULL, 3, '2013-02-02 22:37:30', '2021-06-12 11:56:54');
INSERT INTO `profiles` (`id`, `user_id`, `nick_name`, `subscribe_id`, `subscribe_status`, `created_at`, `updated_at`) VALUES (4, 4, 'aut', NULL, 4, '2001-11-29 13:19:02', '2021-06-12 11:56:54');
INSERT INTO `profiles` (`id`, `user_id`, `nick_name`, `subscribe_id`, `subscribe_status`, `created_at`, `updated_at`) VALUES (5, 5, 'incidunt', NULL, 1, '1984-12-07 21:29:24', '2021-06-12 11:56:54');
INSERT INTO `profiles` (`id`, `user_id`, `nick_name`, `subscribe_id`, `subscribe_status`, `created_at`, `updated_at`) VALUES (6, 6, 'laborum', NULL, 2, '1987-04-20 03:09:08', '2021-06-12 11:56:54');
INSERT INTO `profiles` (`id`, `user_id`, `nick_name`, `subscribe_id`, `subscribe_status`, `created_at`, `updated_at`) VALUES (7, 7, 'recusandae', NULL, 3, '2001-04-18 19:14:34', '2021-06-12 11:56:54');
INSERT INTO `profiles` (`id`, `user_id`, `nick_name`, `subscribe_id`, `subscribe_status`, `created_at`, `updated_at`) VALUES (8, 8, 'non', NULL, 4, '1975-12-20 20:43:41', '2021-06-12 11:56:54');
INSERT INTO `profiles` (`id`, `user_id`, `nick_name`, `subscribe_id`, `subscribe_status`, `created_at`, `updated_at`) VALUES (9, 9, 'aspernatur', NULL, 1, '1990-10-05 13:52:36', '2021-06-12 11:56:54');
INSERT INTO `profiles` (`id`, `user_id`, `nick_name`, `subscribe_id`, `subscribe_status`, `created_at`, `updated_at`) VALUES (10, 10, 'est', NULL, 2, '2007-05-10 02:12:23', '2021-06-12 11:56:54');
INSERT INTO `profiles` (`id`, `user_id`, `nick_name`, `subscribe_id`, `subscribe_status`, `created_at`, `updated_at`) VALUES (11, 11, 'sint', NULL, 3, '1985-12-22 04:23:47', '2021-06-12 11:56:54');
INSERT INTO `profiles` (`id`, `user_id`, `nick_name`, `subscribe_id`, `subscribe_status`, `created_at`, `updated_at`) VALUES (12, 12, 'odit', NULL, 4, '1979-01-20 19:05:15', '2021-06-12 11:56:54');
INSERT INTO `profiles` (`id`, `user_id`, `nick_name`, `subscribe_id`, `subscribe_status`, `created_at`, `updated_at`) VALUES (13, 13, 'sunt', NULL, 1, '1974-08-22 11:07:00', '2021-06-12 11:56:54');
INSERT INTO `profiles` (`id`, `user_id`, `nick_name`, `subscribe_id`, `subscribe_status`, `created_at`, `updated_at`) VALUES (14, 14, 'nobis', NULL, 2, '2012-01-07 10:51:51', '2021-06-12 11:56:54');
INSERT INTO `profiles` (`id`, `user_id`, `nick_name`, `subscribe_id`, `subscribe_status`, `created_at`, `updated_at`) VALUES (15, 15, 'maxime', NULL, 3, '1975-12-29 23:29:10', '2021-06-12 11:56:54');
INSERT INTO `profiles` (`id`, `user_id`, `nick_name`, `subscribe_id`, `subscribe_status`, `created_at`, `updated_at`) VALUES (16, 16, 'nulla', NULL, 4, '1991-10-13 20:34:55', '2021-06-12 11:56:54');
INSERT INTO `profiles` (`id`, `user_id`, `nick_name`, `subscribe_id`, `subscribe_status`, `created_at`, `updated_at`) VALUES (17, 17, 'autem', NULL, 1, '2006-11-23 19:29:09', '2021-06-12 11:56:54');
INSERT INTO `profiles` (`id`, `user_id`, `nick_name`, `subscribe_id`, `subscribe_status`, `created_at`, `updated_at`) VALUES (18, 18, 'officia', NULL, 2, '2009-10-18 02:12:38', '2021-06-12 11:56:54');
INSERT INTO `profiles` (`id`, `user_id`, `nick_name`, `subscribe_id`, `subscribe_status`, `created_at`, `updated_at`) VALUES (19, 19, 'omnis', NULL, 3, '1976-06-05 23:21:06', '2021-06-12 11:56:54');
INSERT INTO `profiles` (`id`, `user_id`, `nick_name`, `subscribe_id`, `subscribe_status`, `created_at`, `updated_at`) VALUES (20, 20, 'minus', NULL, 4, '1985-07-09 04:34:27', '2021-06-12 11:56:54');
INSERT INTO `profiles` (`id`, `user_id`, `nick_name`, `subscribe_id`, `subscribe_status`, `created_at`, `updated_at`) VALUES (21, 21, 'illum', NULL, 1, '1987-12-25 12:01:40', '2021-06-12 11:56:54');
INSERT INTO `profiles` (`id`, `user_id`, `nick_name`, `subscribe_id`, `subscribe_status`, `created_at`, `updated_at`) VALUES (22, 22, 'minima', NULL, 2, '1980-10-16 22:47:11', '2021-06-12 11:56:54');
INSERT INTO `profiles` (`id`, `user_id`, `nick_name`, `subscribe_id`, `subscribe_status`, `created_at`, `updated_at`) VALUES (23, 23, 'dolore', NULL, 3, '1979-01-11 21:28:54', '2021-06-12 11:56:54');
INSERT INTO `profiles` (`id`, `user_id`, `nick_name`, `subscribe_id`, `subscribe_status`, `created_at`, `updated_at`) VALUES (24, 24, 'voluptate', NULL, 4, '1989-08-12 12:22:43', '2021-06-12 11:56:54');
INSERT INTO `profiles` (`id`, `user_id`, `nick_name`, `subscribe_id`, `subscribe_status`, `created_at`, `updated_at`) VALUES (25, 25, 'occaecati', NULL, 1, '1975-09-21 07:39:39', '2021-06-12 11:56:54');
INSERT INTO `profiles` (`id`, `user_id`, `nick_name`, `subscribe_id`, `subscribe_status`, `created_at`, `updated_at`) VALUES (26, 26, 'consequatur', NULL, 2, '1986-02-06 01:50:55', '2021-06-12 11:56:54');
INSERT INTO `profiles` (`id`, `user_id`, `nick_name`, `subscribe_id`, `subscribe_status`, `created_at`, `updated_at`) VALUES (27, 27, 'quia', NULL, 3, '2012-04-04 20:59:48', '2021-06-12 11:56:54');
INSERT INTO `profiles` (`id`, `user_id`, `nick_name`, `subscribe_id`, `subscribe_status`, `created_at`, `updated_at`) VALUES (28, 28, 'earum', NULL, 4, '2017-02-01 05:58:35', '2021-06-12 11:56:54');
INSERT INTO `profiles` (`id`, `user_id`, `nick_name`, `subscribe_id`, `subscribe_status`, `created_at`, `updated_at`) VALUES (29, 29, 'reiciendis', NULL, 1, '1998-04-21 05:13:34', '2021-06-12 11:56:54');
INSERT INTO `profiles` (`id`, `user_id`, `nick_name`, `subscribe_id`, `subscribe_status`, `created_at`, `updated_at`) VALUES (30, 30, 'expedita', NULL, 2, '1979-08-21 11:55:22', '2021-06-12 11:56:54');
INSERT INTO `profiles` (`id`, `user_id`, `nick_name`, `subscribe_id`, `subscribe_status`, `created_at`, `updated_at`) VALUES (31, 31, 'fugiat', NULL, 3, '1975-06-15 23:41:38', '2021-06-12 11:56:54');
INSERT INTO `profiles` (`id`, `user_id`, `nick_name`, `subscribe_id`, `subscribe_status`, `created_at`, `updated_at`) VALUES (32, 32, 'amet', NULL, 4, '2012-09-20 02:01:57', '2021-06-12 11:56:54');
INSERT INTO `profiles` (`id`, `user_id`, `nick_name`, `subscribe_id`, `subscribe_status`, `created_at`, `updated_at`) VALUES (33, 33, 'nostrum', NULL, 1, '2006-03-11 23:12:15', '2021-06-12 11:56:54');
INSERT INTO `profiles` (`id`, `user_id`, `nick_name`, `subscribe_id`, `subscribe_status`, `created_at`, `updated_at`) VALUES (34, 34, 'nihil', NULL, 2, '2004-02-29 09:42:00', '2021-06-12 11:56:54');
INSERT INTO `profiles` (`id`, `user_id`, `nick_name`, `subscribe_id`, `subscribe_status`, `created_at`, `updated_at`) VALUES (35, 35, 'dolores', NULL, 3, '1994-10-21 12:48:28', '2021-06-12 11:56:54');
INSERT INTO `profiles` (`id`, `user_id`, `nick_name`, `subscribe_id`, `subscribe_status`, `created_at`, `updated_at`) VALUES (36, 36, 'rerum', NULL, 4, '1980-11-07 11:23:33', '2021-06-12 11:56:54');
INSERT INTO `profiles` (`id`, `user_id`, `nick_name`, `subscribe_id`, `subscribe_status`, `created_at`, `updated_at`) VALUES (37, 37, 'voluptatibus', NULL, 1, '2011-12-30 04:29:46', '2021-06-12 11:56:54');
INSERT INTO `profiles` (`id`, `user_id`, `nick_name`, `subscribe_id`, `subscribe_status`, `created_at`, `updated_at`) VALUES (38, 38, 'quisquam', NULL, 2, '1994-09-29 00:51:50', '2021-06-12 11:56:54');
INSERT INTO `profiles` (`id`, `user_id`, `nick_name`, `subscribe_id`, `subscribe_status`, `created_at`, `updated_at`) VALUES (39, 39, 'molestiae', NULL, 3, '1972-05-06 19:12:44', '2021-06-12 11:56:54');
INSERT INTO `profiles` (`id`, `user_id`, `nick_name`, `subscribe_id`, `subscribe_status`, `created_at`, `updated_at`) VALUES (40, 40, 'veritatis', NULL, 4, '2019-09-17 11:20:14', '2021-06-12 11:56:54');
INSERT INTO `profiles` (`id`, `user_id`, `nick_name`, `subscribe_id`, `subscribe_status`, `created_at`, `updated_at`) VALUES (41, 41, 'corporis', NULL, 1, '1991-04-04 12:46:18', '2021-06-12 11:56:54');
INSERT INTO `profiles` (`id`, `user_id`, `nick_name`, `subscribe_id`, `subscribe_status`, `created_at`, `updated_at`) VALUES (42, 42, 'voluptatem', NULL, 2, '2016-10-19 09:48:24', '2021-06-12 11:56:54');
INSERT INTO `profiles` (`id`, `user_id`, `nick_name`, `subscribe_id`, `subscribe_status`, `created_at`, `updated_at`) VALUES (43, 43, 'quibusdam', NULL, 3, '1977-06-11 08:24:44', '2021-06-12 11:56:54');
INSERT INTO `profiles` (`id`, `user_id`, `nick_name`, `subscribe_id`, `subscribe_status`, `created_at`, `updated_at`) VALUES (44, 44, 'esse', NULL, 4, '2010-06-17 09:03:46', '2021-06-12 11:56:54');
INSERT INTO `profiles` (`id`, `user_id`, `nick_name`, `subscribe_id`, `subscribe_status`, `created_at`, `updated_at`) VALUES (45, 45, 'vitae', NULL, 1, '1999-06-07 13:41:59', '2021-06-12 11:56:54');
INSERT INTO `profiles` (`id`, `user_id`, `nick_name`, `subscribe_id`, `subscribe_status`, `created_at`, `updated_at`) VALUES (46, 46, 'cupiditate', NULL, 2, '2017-09-14 22:42:15', '2021-06-12 11:56:54');
INSERT INTO `profiles` (`id`, `user_id`, `nick_name`, `subscribe_id`, `subscribe_status`, `created_at`, `updated_at`) VALUES (47, 47, 'nesciunt', NULL, 3, '1970-02-10 05:32:05', '2021-06-12 11:56:54');
INSERT INTO `profiles` (`id`, `user_id`, `nick_name`, `subscribe_id`, `subscribe_status`, `created_at`, `updated_at`) VALUES (48, 48, 'asperiores', NULL, 4, '1999-07-01 15:39:31', '2021-06-12 11:56:54');
INSERT INTO `profiles` (`id`, `user_id`, `nick_name`, `subscribe_id`, `subscribe_status`, `created_at`, `updated_at`) VALUES (49, 49, 'ad', NULL, 1, '1977-06-17 07:58:33', '2021-06-12 11:56:54');
INSERT INTO `profiles` (`id`, `user_id`, `nick_name`, `subscribe_id`, `subscribe_status`, `created_at`, `updated_at`) VALUES (50, 50, 'iure', NULL, 2, '2015-05-08 05:00:48', '2021-06-12 11:56:54');
INSERT INTO `profiles` (`id`, `user_id`, `nick_name`, `subscribe_id`, `subscribe_status`, `created_at`, `updated_at`) VALUES (51, 51, 'ratione', NULL, 3, '1971-06-17 00:58:53', '2021-06-12 11:56:54');
INSERT INTO `profiles` (`id`, `user_id`, `nick_name`, `subscribe_id`, `subscribe_status`, `created_at`, `updated_at`) VALUES (52, 52, 'dolorum', NULL, 4, '2018-02-10 01:54:42', '2021-06-12 11:56:54');
INSERT INTO `profiles` (`id`, `user_id`, `nick_name`, `subscribe_id`, `subscribe_status`, `created_at`, `updated_at`) VALUES (53, 53, 'perspiciatis', NULL, 1, '1973-10-25 09:57:04', '2021-06-12 11:56:54');
INSERT INTO `profiles` (`id`, `user_id`, `nick_name`, `subscribe_id`, `subscribe_status`, `created_at`, `updated_at`) VALUES (54, 54, 'totam', NULL, 2, '1992-04-12 01:19:15', '2021-06-12 11:56:54');
INSERT INTO `profiles` (`id`, `user_id`, `nick_name`, `subscribe_id`, `subscribe_status`, `created_at`, `updated_at`) VALUES (55, 55, 'eos', NULL, 3, '2007-06-17 22:27:05', '2021-06-12 11:56:54');
INSERT INTO `profiles` (`id`, `user_id`, `nick_name`, `subscribe_id`, `subscribe_status`, `created_at`, `updated_at`) VALUES (56, 56, 'beatae', NULL, 4, '2005-12-13 12:51:58', '2021-06-12 11:56:54');
INSERT INTO `profiles` (`id`, `user_id`, `nick_name`, `subscribe_id`, `subscribe_status`, `created_at`, `updated_at`) VALUES (57, 57, 'porro', NULL, 1, '2001-08-21 19:39:03', '2021-06-12 11:56:54');
INSERT INTO `profiles` (`id`, `user_id`, `nick_name`, `subscribe_id`, `subscribe_status`, `created_at`, `updated_at`) VALUES (58, 58, 'quam', NULL, 2, '2011-07-30 23:26:17', '2021-06-12 11:56:54');
INSERT INTO `profiles` (`id`, `user_id`, `nick_name`, `subscribe_id`, `subscribe_status`, `created_at`, `updated_at`) VALUES (59, 59, 'qui', NULL, 3, '1978-03-23 09:43:39', '2021-06-12 11:56:54');
INSERT INTO `profiles` (`id`, `user_id`, `nick_name`, `subscribe_id`, `subscribe_status`, `created_at`, `updated_at`) VALUES (60, 60, 'harum', NULL, 4, '1983-04-03 01:13:38', '2021-06-12 11:56:54');
INSERT INTO `profiles` (`id`, `user_id`, `nick_name`, `subscribe_id`, `subscribe_status`, `created_at`, `updated_at`) VALUES (61, 61, 'sapiente', NULL, 1, '1991-01-21 13:01:48', '2021-06-12 11:56:54');
INSERT INTO `profiles` (`id`, `user_id`, `nick_name`, `subscribe_id`, `subscribe_status`, `created_at`, `updated_at`) VALUES (62, 62, 'saepe', NULL, 2, '2001-07-05 01:45:01', '2021-06-12 11:56:54');
INSERT INTO `profiles` (`id`, `user_id`, `nick_name`, `subscribe_id`, `subscribe_status`, `created_at`, `updated_at`) VALUES (63, 63, 'error', NULL, 3, '2006-10-17 09:11:37', '2021-06-12 11:56:54');
INSERT INTO `profiles` (`id`, `user_id`, `nick_name`, `subscribe_id`, `subscribe_status`, `created_at`, `updated_at`) VALUES (64, 64, 'alias', NULL, 4, '2001-09-20 20:24:15', '2021-06-12 11:56:54');
INSERT INTO `profiles` (`id`, `user_id`, `nick_name`, `subscribe_id`, `subscribe_status`, `created_at`, `updated_at`) VALUES (65, 65, 'magni', NULL, 1, '1979-03-19 01:16:18', '2021-06-12 11:56:54');
INSERT INTO `profiles` (`id`, `user_id`, `nick_name`, `subscribe_id`, `subscribe_status`, `created_at`, `updated_at`) VALUES (66, 66, 'tempore', NULL, 2, '2006-04-10 06:19:06', '2021-06-12 11:56:54');
INSERT INTO `profiles` (`id`, `user_id`, `nick_name`, `subscribe_id`, `subscribe_status`, `created_at`, `updated_at`) VALUES (67, 67, 'iusto', NULL, 3, '1972-11-05 05:24:46', '2021-06-12 11:56:54');
INSERT INTO `profiles` (`id`, `user_id`, `nick_name`, `subscribe_id`, `subscribe_status`, `created_at`, `updated_at`) VALUES (68, 68, 'possimus', NULL, 4, '1972-03-15 06:27:53', '2021-06-12 11:56:54');
INSERT INTO `profiles` (`id`, `user_id`, `nick_name`, `subscribe_id`, `subscribe_status`, `created_at`, `updated_at`) VALUES (69, 69, 'quo', NULL, 1, '1982-11-02 18:48:48', '2021-06-12 11:56:54');
INSERT INTO `profiles` (`id`, `user_id`, `nick_name`, `subscribe_id`, `subscribe_status`, `created_at`, `updated_at`) VALUES (70, 70, 'tempora', NULL, 2, '2004-06-04 17:13:59', '2021-06-12 11:56:54');
INSERT INTO `profiles` (`id`, `user_id`, `nick_name`, `subscribe_id`, `subscribe_status`, `created_at`, `updated_at`) VALUES (71, 71, 'veniam', NULL, 3, '1983-11-05 04:51:49', '2021-06-12 11:56:54');
INSERT INTO `profiles` (`id`, `user_id`, `nick_name`, `subscribe_id`, `subscribe_status`, `created_at`, `updated_at`) VALUES (72, 72, 'aperiam', NULL, 4, '2005-05-29 03:36:48', '2021-06-12 11:56:54');
INSERT INTO `profiles` (`id`, `user_id`, `nick_name`, `subscribe_id`, `subscribe_status`, `created_at`, `updated_at`) VALUES (73, 73, 'hic', NULL, 1, '1989-12-10 15:24:53', '2021-06-12 11:56:54');
INSERT INTO `profiles` (`id`, `user_id`, `nick_name`, `subscribe_id`, `subscribe_status`, `created_at`, `updated_at`) VALUES (74, 74, 'ea', NULL, 2, '2010-07-10 06:32:41', '2021-06-12 11:56:54');
INSERT INTO `profiles` (`id`, `user_id`, `nick_name`, `subscribe_id`, `subscribe_status`, `created_at`, `updated_at`) VALUES (75, 75, 'ut', NULL, 3, '1997-10-02 13:20:11', '2021-06-12 11:56:54');
INSERT INTO `profiles` (`id`, `user_id`, `nick_name`, `subscribe_id`, `subscribe_status`, `created_at`, `updated_at`) VALUES (76, 76, 'excepturi', NULL, 4, '2009-01-31 05:32:47', '2021-06-12 11:56:54');
INSERT INTO `profiles` (`id`, `user_id`, `nick_name`, `subscribe_id`, `subscribe_status`, `created_at`, `updated_at`) VALUES (77, 77, 'fuga', NULL, 1, '1997-11-13 14:53:38', '2021-06-12 11:56:54');
INSERT INTO `profiles` (`id`, `user_id`, `nick_name`, `subscribe_id`, `subscribe_status`, `created_at`, `updated_at`) VALUES (78, 78, 'velit', NULL, 2, '1975-10-08 05:34:58', '2021-06-12 11:56:54');
INSERT INTO `profiles` (`id`, `user_id`, `nick_name`, `subscribe_id`, `subscribe_status`, `created_at`, `updated_at`) VALUES (79, 79, 'sit', NULL, 3, '1980-08-27 13:05:53', '2021-06-12 11:56:54');
INSERT INTO `profiles` (`id`, `user_id`, `nick_name`, `subscribe_id`, `subscribe_status`, `created_at`, `updated_at`) VALUES (80, 80, 'quod', NULL, 4, '1987-07-16 13:31:19', '2021-06-12 11:56:54');
INSERT INTO `profiles` (`id`, `user_id`, `nick_name`, `subscribe_id`, `subscribe_status`, `created_at`, `updated_at`) VALUES (81, 81, 'culpa', NULL, 1, '2002-11-19 20:59:23', '2021-06-12 11:56:54');
INSERT INTO `profiles` (`id`, `user_id`, `nick_name`, `subscribe_id`, `subscribe_status`, `created_at`, `updated_at`) VALUES (82, 82, 'similique', NULL, 2, '1981-12-12 03:25:58', '2021-06-12 11:56:54');
INSERT INTO `profiles` (`id`, `user_id`, `nick_name`, `subscribe_id`, `subscribe_status`, `created_at`, `updated_at`) VALUES (83, 83, 'ipsum', NULL, 3, '1980-02-22 20:01:24', '2021-06-12 11:56:54');
INSERT INTO `profiles` (`id`, `user_id`, `nick_name`, `subscribe_id`, `subscribe_status`, `created_at`, `updated_at`) VALUES (84, 84, 'illo', NULL, 4, '2016-12-27 12:32:15', '2021-06-12 11:56:54');
INSERT INTO `profiles` (`id`, `user_id`, `nick_name`, `subscribe_id`, `subscribe_status`, `created_at`, `updated_at`) VALUES (85, 85, 'ab', NULL, 1, '2016-06-23 07:00:44', '2021-06-12 11:56:54');
INSERT INTO `profiles` (`id`, `user_id`, `nick_name`, `subscribe_id`, `subscribe_status`, `created_at`, `updated_at`) VALUES (86, 86, 'labore', NULL, 2, '1990-04-22 23:43:47', '2021-06-12 11:56:54');
INSERT INTO `profiles` (`id`, `user_id`, `nick_name`, `subscribe_id`, `subscribe_status`, `created_at`, `updated_at`) VALUES (87, 87, 'doloribus', NULL, 3, '2001-03-15 04:31:58', '2021-06-12 11:56:54');
INSERT INTO `profiles` (`id`, `user_id`, `nick_name`, `subscribe_id`, `subscribe_status`, `created_at`, `updated_at`) VALUES (88, 88, 'in', NULL, 4, '2004-12-21 11:07:49', '2021-06-12 11:56:54');
INSERT INTO `profiles` (`id`, `user_id`, `nick_name`, `subscribe_id`, `subscribe_status`, `created_at`, `updated_at`) VALUES (89, 89, 'deleniti', NULL, 1, '2000-01-16 20:10:38', '2021-06-12 11:56:54');
INSERT INTO `profiles` (`id`, `user_id`, `nick_name`, `subscribe_id`, `subscribe_status`, `created_at`, `updated_at`) VALUES (90, 90, 'voluptas', NULL, 2, '2020-12-04 02:51:27', '2021-06-12 11:56:54');
INSERT INTO `profiles` (`id`, `user_id`, `nick_name`, `subscribe_id`, `subscribe_status`, `created_at`, `updated_at`) VALUES (91, 91, 'quaerat', NULL, 3, '1999-06-10 12:29:33', '2021-06-12 11:56:54');
INSERT INTO `profiles` (`id`, `user_id`, `nick_name`, `subscribe_id`, `subscribe_status`, `created_at`, `updated_at`) VALUES (92, 92, 'dignissimos', NULL, 4, '1989-07-20 04:34:56', '2021-06-12 11:56:54');
INSERT INTO `profiles` (`id`, `user_id`, `nick_name`, `subscribe_id`, `subscribe_status`, `created_at`, `updated_at`) VALUES (93, 93, 'natus', NULL, 1, '1993-02-16 10:05:41', '2021-06-12 11:56:54');
INSERT INTO `profiles` (`id`, `user_id`, `nick_name`, `subscribe_id`, `subscribe_status`, `created_at`, `updated_at`) VALUES (94, 94, 'ipsa', NULL, 2, '2005-01-21 19:03:38', '2021-06-12 11:56:54');
INSERT INTO `profiles` (`id`, `user_id`, `nick_name`, `subscribe_id`, `subscribe_status`, `created_at`, `updated_at`) VALUES (95, 95, 'praesentium', NULL, 3, '2011-06-27 12:02:51', '2021-06-12 11:56:54');
INSERT INTO `profiles` (`id`, `user_id`, `nick_name`, `subscribe_id`, `subscribe_status`, `created_at`, `updated_at`) VALUES (96, 96, 'optio', NULL, 4, '1980-11-02 18:38:21', '2021-06-12 11:56:54');
INSERT INTO `profiles` (`id`, `user_id`, `nick_name`, `subscribe_id`, `subscribe_status`, `created_at`, `updated_at`) VALUES (97, 97, 'enim', NULL, 1, '1999-05-16 00:45:22', '2021-06-12 11:56:54');
INSERT INTO `profiles` (`id`, `user_id`, `nick_name`, `subscribe_id`, `subscribe_status`, `created_at`, `updated_at`) VALUES (98, 98, 'modi', NULL, 2, '1989-12-15 06:02:20', '2021-06-12 11:56:54');
INSERT INTO `profiles` (`id`, `user_id`, `nick_name`, `subscribe_id`, `subscribe_status`, `created_at`, `updated_at`) VALUES (99, 99, 'libero', NULL, 3, '1983-07-01 19:18:06', '2021-06-12 11:56:54');
INSERT INTO `profiles` (`id`, `user_id`, `nick_name`, `subscribe_id`, `subscribe_status`, `created_at`, `updated_at`) VALUES (100, 100, 'atque', NULL, 4, '2000-05-16 01:58:31', '2021-06-12 11:56:54');
INSERT INTO `profiles` (`id`, `user_id`, `nick_name`, `subscribe_id`, `subscribe_status`, `created_at`, `updated_at`) VALUES (101, 1, 'itaque', NULL, 1, '2016-01-05 11:01:40', '2021-06-12 11:56:54');
INSERT INTO `profiles` (`id`, `user_id`, `nick_name`, `subscribe_id`, `subscribe_status`, `created_at`, `updated_at`) VALUES (102, 2, 'vel', NULL, 2, '1997-01-15 04:43:17', '2021-06-12 11:56:54');
INSERT INTO `profiles` (`id`, `user_id`, `nick_name`, `subscribe_id`, `subscribe_status`, `created_at`, `updated_at`) VALUES (103, 3, 'reprehenderit', NULL, 3, '1973-06-17 12:48:23', '2021-06-12 11:56:54');
INSERT INTO `profiles` (`id`, `user_id`, `nick_name`, `subscribe_id`, `subscribe_status`, `created_at`, `updated_at`) VALUES (104, 4, 'quas', NULL, 4, '1970-09-23 11:04:23', '2021-06-12 11:56:54');
INSERT INTO `profiles` (`id`, `user_id`, `nick_name`, `subscribe_id`, `subscribe_status`, `created_at`, `updated_at`) VALUES (105, 5, 'laboriosam', NULL, 1, '1971-03-14 02:43:08', '2021-06-12 11:56:54');
INSERT INTO `profiles` (`id`, `user_id`, `nick_name`, `subscribe_id`, `subscribe_status`, `created_at`, `updated_at`) VALUES (106, 6, 'animi', NULL, 2, '1974-06-18 00:00:04', '2021-06-12 11:56:54');
INSERT INTO `profiles` (`id`, `user_id`, `nick_name`, `subscribe_id`, `subscribe_status`, `created_at`, `updated_at`) VALUES (107, 7, 'aliquam', NULL, 3, '2013-05-12 08:56:29', '2021-06-12 11:56:54');
INSERT INTO `profiles` (`id`, `user_id`, `nick_name`, `subscribe_id`, `subscribe_status`, `created_at`, `updated_at`) VALUES (108, 8, 'facere', NULL, 4, '2007-04-02 21:26:11', '2021-06-12 11:56:54');
INSERT INTO `profiles` (`id`, `user_id`, `nick_name`, `subscribe_id`, `subscribe_status`, `created_at`, `updated_at`) VALUES (109, 9, 'deserunt', NULL, 1, '2012-08-23 10:39:28', '2021-06-12 11:56:54');
INSERT INTO `profiles` (`id`, `user_id`, `nick_name`, `subscribe_id`, `subscribe_status`, `created_at`, `updated_at`) VALUES (110, 10, 'delectus', NULL, 2, '1992-09-19 15:46:20', '2021-06-12 11:56:54');
INSERT INTO `profiles` (`id`, `user_id`, `nick_name`, `subscribe_id`, `subscribe_status`, `created_at`, `updated_at`) VALUES (111, 11, 'vero', NULL, 3, '1994-06-25 09:25:59', '2021-06-12 11:56:54');
INSERT INTO `profiles` (`id`, `user_id`, `nick_name`, `subscribe_id`, `subscribe_status`, `created_at`, `updated_at`) VALUES (112, 12, 'cumque', NULL, 4, '2006-08-29 06:10:20', '2021-06-12 11:56:54');
INSERT INTO `profiles` (`id`, `user_id`, `nick_name`, `subscribe_id`, `subscribe_status`, `created_at`, `updated_at`) VALUES (113, 13, 'quasi', NULL, 1, '1977-10-30 15:28:59', '2021-06-12 11:56:54');
INSERT INTO `profiles` (`id`, `user_id`, `nick_name`, `subscribe_id`, `subscribe_status`, `created_at`, `updated_at`) VALUES (114, 14, 'debitis', NULL, 2, '1999-02-02 18:33:33', '2021-06-12 11:56:54');
INSERT INTO `profiles` (`id`, `user_id`, `nick_name`, `subscribe_id`, `subscribe_status`, `created_at`, `updated_at`) VALUES (115, 15, 'id', NULL, 3, '1978-07-18 22:51:07', '2021-06-12 11:56:54');
INSERT INTO `profiles` (`id`, `user_id`, `nick_name`, `subscribe_id`, `subscribe_status`, `created_at`, `updated_at`) VALUES (116, 16, 'placeat', NULL, 4, '1973-08-19 13:39:01', '2021-06-12 11:56:54');
INSERT INTO `profiles` (`id`, `user_id`, `nick_name`, `subscribe_id`, `subscribe_status`, `created_at`, `updated_at`) VALUES (117, 17, 'ullam', NULL, 1, '2004-08-13 15:50:54', '2021-06-12 11:56:54');
INSERT INTO `profiles` (`id`, `user_id`, `nick_name`, `subscribe_id`, `subscribe_status`, `created_at`, `updated_at`) VALUES (118, 18, 'sed', NULL, 2, '1993-09-20 20:38:17', '2021-06-12 11:56:54');
INSERT INTO `profiles` (`id`, `user_id`, `nick_name`, `subscribe_id`, `subscribe_status`, `created_at`, `updated_at`) VALUES (119, 19, 'ducimus', NULL, 3, '1986-12-14 14:06:35', '2021-06-12 11:56:54');
INSERT INTO `profiles` (`id`, `user_id`, `nick_name`, `subscribe_id`, `subscribe_status`, `created_at`, `updated_at`) VALUES (120, 20, 'quis', NULL, 4, '2007-08-03 13:36:28', '2021-06-12 11:56:54');
INSERT INTO `profiles` (`id`, `user_id`, `nick_name`, `subscribe_id`, `subscribe_status`, `created_at`, `updated_at`) VALUES (121, 21, 'consectetur', NULL, 1, '1990-07-17 18:46:14', '2021-06-12 11:56:54');
INSERT INTO `profiles` (`id`, `user_id`, `nick_name`, `subscribe_id`, `subscribe_status`, `created_at`, `updated_at`) VALUES (122, 22, 'explicabo', NULL, 2, '1971-08-12 22:25:03', '2021-06-12 11:56:54');
INSERT INTO `profiles` (`id`, `user_id`, `nick_name`, `subscribe_id`, `subscribe_status`, `created_at`, `updated_at`) VALUES (123, 23, 'fugit', NULL, 3, '2003-11-28 10:28:59', '2021-06-12 11:56:54');
INSERT INTO `profiles` (`id`, `user_id`, `nick_name`, `subscribe_id`, `subscribe_status`, `created_at`, `updated_at`) VALUES (124, 24, 'eaque', NULL, 4, '1990-01-28 12:00:07', '2021-06-12 11:56:54');
INSERT INTO `profiles` (`id`, `user_id`, `nick_name`, `subscribe_id`, `subscribe_status`, `created_at`, `updated_at`) VALUES (125, 25, 'at', NULL, 1, '2010-01-13 12:17:17', '2021-06-12 11:56:54');
INSERT INTO `profiles` (`id`, `user_id`, `nick_name`, `subscribe_id`, `subscribe_status`, `created_at`, `updated_at`) VALUES (126, 26, 'quidem', NULL, 2, '2019-02-15 12:46:03', '2021-06-12 11:56:54');
INSERT INTO `profiles` (`id`, `user_id`, `nick_name`, `subscribe_id`, `subscribe_status`, `created_at`, `updated_at`) VALUES (127, 27, 'eligendi', NULL, 3, '1999-01-28 16:34:07', '2021-06-12 11:56:54');
INSERT INTO `profiles` (`id`, `user_id`, `nick_name`, `subscribe_id`, `subscribe_status`, `created_at`, `updated_at`) VALUES (128, 28, 'ex', NULL, 4, '1979-08-19 13:31:36', '2021-06-12 11:56:54');
INSERT INTO `profiles` (`id`, `user_id`, `nick_name`, `subscribe_id`, `subscribe_status`, `created_at`, `updated_at`) VALUES (129, 29, 'aliquid', NULL, 1, '1976-10-23 20:17:07', '2021-06-12 11:56:54');
INSERT INTO `profiles` (`id`, `user_id`, `nick_name`, `subscribe_id`, `subscribe_status`, `created_at`, `updated_at`) VALUES (130, 30, 'numquam', NULL, 2, '1997-03-08 02:09:36', '2021-06-12 11:56:54');
INSERT INTO `profiles` (`id`, `user_id`, `nick_name`, `subscribe_id`, `subscribe_status`, `created_at`, `updated_at`) VALUES (131, 31, 'impedit', NULL, 3, '2003-02-18 23:34:10', '2021-06-12 11:56:54');
INSERT INTO `profiles` (`id`, `user_id`, `nick_name`, `subscribe_id`, `subscribe_status`, `created_at`, `updated_at`) VALUES (132, 32, 'eum', NULL, 4, '1978-10-23 04:01:41', '2021-06-12 11:56:54');
INSERT INTO `profiles` (`id`, `user_id`, `nick_name`, `subscribe_id`, `subscribe_status`, `created_at`, `updated_at`) VALUES (133, 33, 'sequi', NULL, 1, '1994-03-26 06:43:43', '2021-06-12 11:56:54');
INSERT INTO `profiles` (`id`, `user_id`, `nick_name`, `subscribe_id`, `subscribe_status`, `created_at`, `updated_at`) VALUES (134, 34, 'adipisci', NULL, 2, '1983-06-26 05:08:05', '2021-06-12 11:56:54');
INSERT INTO `profiles` (`id`, `user_id`, `nick_name`, `subscribe_id`, `subscribe_status`, `created_at`, `updated_at`) VALUES (135, 35, 'perferendis', NULL, 3, '2015-05-22 05:24:46', '2021-06-12 11:56:54');
INSERT INTO `profiles` (`id`, `user_id`, `nick_name`, `subscribe_id`, `subscribe_status`, `created_at`, `updated_at`) VALUES (136, 36, 'facilis', NULL, 4, '1978-12-21 07:22:19', '2021-06-12 11:56:54');
INSERT INTO `profiles` (`id`, `user_id`, `nick_name`, `subscribe_id`, `subscribe_status`, `created_at`, `updated_at`) VALUES (137, 37, 'nam', NULL, 1, '2005-01-27 05:23:58', '2021-06-12 11:56:54');
INSERT INTO `profiles` (`id`, `user_id`, `nick_name`, `subscribe_id`, `subscribe_status`, `created_at`, `updated_at`) VALUES (138, 38, 'commodi', NULL, 2, '1996-04-03 02:32:42', '2021-06-12 11:56:54');
INSERT INTO `profiles` (`id`, `user_id`, `nick_name`, `subscribe_id`, `subscribe_status`, `created_at`, `updated_at`) VALUES (139, 39, 'unde', NULL, 3, '2020-04-02 09:13:39', '2021-06-12 11:56:54');
INSERT INTO `profiles` (`id`, `user_id`, `nick_name`, `subscribe_id`, `subscribe_status`, `created_at`, `updated_at`) VALUES (140, 40, 'neque', NULL, 4, '2017-02-01 16:40:58', '2021-06-12 11:56:54');
INSERT INTO `profiles` (`id`, `user_id`, `nick_name`, `subscribe_id`, `subscribe_status`, `created_at`, `updated_at`) VALUES (141, 41, 'a', NULL, 1, '1994-01-19 15:34:12', '2021-06-12 11:56:54');
INSERT INTO `profiles` (`id`, `user_id`, `nick_name`, `subscribe_id`, `subscribe_status`, `created_at`, `updated_at`) VALUES (142, 42, 'molestias', NULL, 2, '2010-04-30 01:43:00', '2021-06-12 11:56:54');
INSERT INTO `profiles` (`id`, `user_id`, `nick_name`, `subscribe_id`, `subscribe_status`, `created_at`, `updated_at`) VALUES (143, 43, 'cum', NULL, 3, '2017-12-28 21:14:07', '2021-06-12 11:56:54');
INSERT INTO `profiles` (`id`, `user_id`, `nick_name`, `subscribe_id`, `subscribe_status`, `created_at`, `updated_at`) VALUES (144, 44, 'nisi', NULL, 4, '2011-02-24 01:51:48', '2021-06-12 11:56:54');
INSERT INTO `profiles` (`id`, `user_id`, `nick_name`, `subscribe_id`, `subscribe_status`, `created_at`, `updated_at`) VALUES (145, 45, 'nemo', NULL, 1, '1978-11-10 12:05:50', '2021-06-12 11:56:54');
INSERT INTO `profiles` (`id`, `user_id`, `nick_name`, `subscribe_id`, `subscribe_status`, `created_at`, `updated_at`) VALUES (146, 46, 'soluta', NULL, 2, '1974-01-11 17:51:24', '2021-06-12 11:56:54');
INSERT INTO `profiles` (`id`, `user_id`, `nick_name`, `subscribe_id`, `subscribe_status`, `created_at`, `updated_at`) VALUES (147, 47, 'eveniet', NULL, 3, '1995-07-16 10:07:55', '2021-06-12 11:56:54');
INSERT INTO `profiles` (`id`, `user_id`, `nick_name`, `subscribe_id`, `subscribe_status`, `created_at`, `updated_at`) VALUES (148, 48, 'necessitatibus', NULL, 4, '1992-09-06 04:02:23', '2021-06-12 11:56:54');
INSERT INTO `profiles` (`id`, `user_id`, `nick_name`, `subscribe_id`, `subscribe_status`, `created_at`, `updated_at`) VALUES (149, 49, 'dolor', NULL, 1, '1984-09-03 19:23:55', '2021-06-12 11:56:54');
INSERT INTO `profiles` (`id`, `user_id`, `nick_name`, `subscribe_id`, `subscribe_status`, `created_at`, `updated_at`) VALUES (150, 50, 'magnam', NULL, 2, '2005-07-28 06:14:44', '2021-06-12 11:56:54');

#
# TABLE STRUCTURE FOR: subscribes_list
#

INSERT INTO `subscribes_list` (`subscribe_id`, `profile_id`, `subscribe_type`, `created_at`, `updated_at`) VALUES (1, 1, 1, '1987-07-02 18:52:27', '2021-06-12 11:57:26');
INSERT INTO `subscribes_list` (`subscribe_id`, `profile_id`, `subscribe_type`, `created_at`, `updated_at`) VALUES (2, 2, 2, '2014-09-07 14:51:19', '2021-06-12 11:57:26');
INSERT INTO `subscribes_list` (`subscribe_id`, `profile_id`, `subscribe_type`, `created_at`, `updated_at`) VALUES (3, 3, 3, '1987-09-07 21:50:22', '2021-06-12 11:57:26');
INSERT INTO `subscribes_list` (`subscribe_id`, `profile_id`, `subscribe_type`, `created_at`, `updated_at`) VALUES (4, 4, 4, '2008-04-04 11:48:36', '2021-06-12 11:57:26');
INSERT INTO `subscribes_list` (`subscribe_id`, `profile_id`, `subscribe_type`, `created_at`, `updated_at`) VALUES (5, 5, 1, '1996-06-18 10:22:18', '2021-06-12 11:57:26');
INSERT INTO `subscribes_list` (`subscribe_id`, `profile_id`, `subscribe_type`, `created_at`, `updated_at`) VALUES (6, 6, 2, '2001-02-11 14:24:12', '2021-06-12 11:57:26');
INSERT INTO `subscribes_list` (`subscribe_id`, `profile_id`, `subscribe_type`, `created_at`, `updated_at`) VALUES (7, 7, 3, '1991-04-11 02:34:01', '2021-06-12 11:57:26');
INSERT INTO `subscribes_list` (`subscribe_id`, `profile_id`, `subscribe_type`, `created_at`, `updated_at`) VALUES (8, 8, 4, '2003-02-28 21:50:43', '2021-06-12 11:57:26');
INSERT INTO `subscribes_list` (`subscribe_id`, `profile_id`, `subscribe_type`, `created_at`, `updated_at`) VALUES (9, 9, 1, '2020-06-19 09:00:21', '2021-06-12 11:57:26');
INSERT INTO `subscribes_list` (`subscribe_id`, `profile_id`, `subscribe_type`, `created_at`, `updated_at`) VALUES (10, 10, 2, '1981-03-10 10:47:52', '2021-06-12 11:57:26');
INSERT INTO `subscribes_list` (`subscribe_id`, `profile_id`, `subscribe_type`, `created_at`, `updated_at`) VALUES (11, 11, 3, '1977-08-19 08:50:22', '2021-06-12 11:57:26');
INSERT INTO `subscribes_list` (`subscribe_id`, `profile_id`, `subscribe_type`, `created_at`, `updated_at`) VALUES (12, 12, 4, '2012-12-30 08:41:10', '2021-06-12 11:57:26');
INSERT INTO `subscribes_list` (`subscribe_id`, `profile_id`, `subscribe_type`, `created_at`, `updated_at`) VALUES (13, 13, 1, '1987-01-18 06:54:29', '2021-06-12 11:57:26');
INSERT INTO `subscribes_list` (`subscribe_id`, `profile_id`, `subscribe_type`, `created_at`, `updated_at`) VALUES (14, 14, 2, '2003-10-20 20:26:19', '2021-06-12 11:57:26');
INSERT INTO `subscribes_list` (`subscribe_id`, `profile_id`, `subscribe_type`, `created_at`, `updated_at`) VALUES (15, 15, 3, '2021-02-08 13:36:33', '2021-06-12 11:57:26');
INSERT INTO `subscribes_list` (`subscribe_id`, `profile_id`, `subscribe_type`, `created_at`, `updated_at`) VALUES (16, 16, 4, '1991-07-20 03:57:12', '2021-06-12 11:57:26');
INSERT INTO `subscribes_list` (`subscribe_id`, `profile_id`, `subscribe_type`, `created_at`, `updated_at`) VALUES (17, 17, 1, '2003-03-11 03:05:07', '2021-06-12 11:57:26');
INSERT INTO `subscribes_list` (`subscribe_id`, `profile_id`, `subscribe_type`, `created_at`, `updated_at`) VALUES (18, 18, 2, '1997-06-10 22:02:23', '2021-06-12 11:57:26');
INSERT INTO `subscribes_list` (`subscribe_id`, `profile_id`, `subscribe_type`, `created_at`, `updated_at`) VALUES (19, 19, 3, '2001-06-15 07:14:33', '2021-06-12 11:57:26');
INSERT INTO `subscribes_list` (`subscribe_id`, `profile_id`, `subscribe_type`, `created_at`, `updated_at`) VALUES (20, 20, 4, '1984-07-14 06:27:56', '2021-06-12 11:57:26');
INSERT INTO `subscribes_list` (`subscribe_id`, `profile_id`, `subscribe_type`, `created_at`, `updated_at`) VALUES (21, 21, 1, '1994-01-07 16:47:44', '2021-06-12 11:57:26');
INSERT INTO `subscribes_list` (`subscribe_id`, `profile_id`, `subscribe_type`, `created_at`, `updated_at`) VALUES (22, 22, 2, '2003-03-15 20:16:25', '2021-06-12 11:57:26');
INSERT INTO `subscribes_list` (`subscribe_id`, `profile_id`, `subscribe_type`, `created_at`, `updated_at`) VALUES (23, 23, 3, '1986-07-12 18:15:07', '2021-06-12 11:57:26');
INSERT INTO `subscribes_list` (`subscribe_id`, `profile_id`, `subscribe_type`, `created_at`, `updated_at`) VALUES (24, 24, 4, '1994-03-23 17:18:07', '2021-06-12 11:57:26');
INSERT INTO `subscribes_list` (`subscribe_id`, `profile_id`, `subscribe_type`, `created_at`, `updated_at`) VALUES (25, 25, 1, '1970-11-27 20:59:00', '2021-06-12 11:57:26');
INSERT INTO `subscribes_list` (`subscribe_id`, `profile_id`, `subscribe_type`, `created_at`, `updated_at`) VALUES (26, 26, 2, '2013-11-07 08:36:27', '2021-06-12 11:57:26');
INSERT INTO `subscribes_list` (`subscribe_id`, `profile_id`, `subscribe_type`, `created_at`, `updated_at`) VALUES (27, 27, 3, '1993-04-01 05:50:43', '2021-06-12 11:57:26');
INSERT INTO `subscribes_list` (`subscribe_id`, `profile_id`, `subscribe_type`, `created_at`, `updated_at`) VALUES (28, 28, 4, '1976-10-06 21:58:09', '2021-06-12 11:57:26');
INSERT INTO `subscribes_list` (`subscribe_id`, `profile_id`, `subscribe_type`, `created_at`, `updated_at`) VALUES (29, 29, 1, '1988-10-22 05:25:29', '2021-06-12 11:57:26');
INSERT INTO `subscribes_list` (`subscribe_id`, `profile_id`, `subscribe_type`, `created_at`, `updated_at`) VALUES (30, 30, 2, '1992-12-09 10:23:09', '2021-06-12 11:57:26');
INSERT INTO `subscribes_list` (`subscribe_id`, `profile_id`, `subscribe_type`, `created_at`, `updated_at`) VALUES (31, 31, 3, '1974-06-16 01:27:43', '2021-06-12 11:57:26');
INSERT INTO `subscribes_list` (`subscribe_id`, `profile_id`, `subscribe_type`, `created_at`, `updated_at`) VALUES (32, 32, 4, '2007-10-24 19:06:24', '2021-06-12 11:57:26');
INSERT INTO `subscribes_list` (`subscribe_id`, `profile_id`, `subscribe_type`, `created_at`, `updated_at`) VALUES (33, 33, 1, '1981-03-29 14:45:00', '2021-06-12 11:57:26');
INSERT INTO `subscribes_list` (`subscribe_id`, `profile_id`, `subscribe_type`, `created_at`, `updated_at`) VALUES (34, 34, 2, '2006-08-12 06:28:05', '2021-06-12 11:57:26');
INSERT INTO `subscribes_list` (`subscribe_id`, `profile_id`, `subscribe_type`, `created_at`, `updated_at`) VALUES (35, 35, 3, '2013-06-15 15:20:43', '2021-06-12 11:57:26');
INSERT INTO `subscribes_list` (`subscribe_id`, `profile_id`, `subscribe_type`, `created_at`, `updated_at`) VALUES (36, 36, 4, '2018-11-15 02:27:50', '2021-06-12 11:57:26');
INSERT INTO `subscribes_list` (`subscribe_id`, `profile_id`, `subscribe_type`, `created_at`, `updated_at`) VALUES (37, 37, 1, '2005-12-04 10:42:50', '2021-06-12 11:57:26');
INSERT INTO `subscribes_list` (`subscribe_id`, `profile_id`, `subscribe_type`, `created_at`, `updated_at`) VALUES (38, 38, 2, '2016-04-02 05:29:00', '2021-06-12 11:57:26');
INSERT INTO `subscribes_list` (`subscribe_id`, `profile_id`, `subscribe_type`, `created_at`, `updated_at`) VALUES (39, 39, 3, '2018-02-02 21:07:46', '2021-06-12 11:57:26');
INSERT INTO `subscribes_list` (`subscribe_id`, `profile_id`, `subscribe_type`, `created_at`, `updated_at`) VALUES (40, 40, 4, '2017-02-10 19:20:51', '2021-06-12 11:57:26');
INSERT INTO `subscribes_list` (`subscribe_id`, `profile_id`, `subscribe_type`, `created_at`, `updated_at`) VALUES (41, 41, 1, '2020-06-26 13:54:27', '2021-06-12 11:57:26');
INSERT INTO `subscribes_list` (`subscribe_id`, `profile_id`, `subscribe_type`, `created_at`, `updated_at`) VALUES (42, 42, 2, '2018-04-16 19:27:16', '2021-06-12 11:57:26');
INSERT INTO `subscribes_list` (`subscribe_id`, `profile_id`, `subscribe_type`, `created_at`, `updated_at`) VALUES (43, 43, 3, '1996-03-18 04:33:13', '2021-06-12 11:57:26');
INSERT INTO `subscribes_list` (`subscribe_id`, `profile_id`, `subscribe_type`, `created_at`, `updated_at`) VALUES (44, 44, 4, '1978-03-28 12:00:45', '2021-06-12 11:57:26');
INSERT INTO `subscribes_list` (`subscribe_id`, `profile_id`, `subscribe_type`, `created_at`, `updated_at`) VALUES (45, 45, 1, '2016-12-05 09:06:19', '2021-06-12 11:57:26');
INSERT INTO `subscribes_list` (`subscribe_id`, `profile_id`, `subscribe_type`, `created_at`, `updated_at`) VALUES (46, 46, 2, '2008-02-09 11:31:28', '2021-06-12 11:57:26');
INSERT INTO `subscribes_list` (`subscribe_id`, `profile_id`, `subscribe_type`, `created_at`, `updated_at`) VALUES (47, 47, 3, '2005-01-25 19:25:23', '2021-06-12 11:57:26');
INSERT INTO `subscribes_list` (`subscribe_id`, `profile_id`, `subscribe_type`, `created_at`, `updated_at`) VALUES (48, 48, 4, '2014-05-03 00:03:00', '2021-06-12 11:57:26');
INSERT INTO `subscribes_list` (`subscribe_id`, `profile_id`, `subscribe_type`, `created_at`, `updated_at`) VALUES (49, 49, 1, '1975-02-12 11:43:58', '2021-06-12 11:57:26');
INSERT INTO `subscribes_list` (`subscribe_id`, `profile_id`, `subscribe_type`, `created_at`, `updated_at`) VALUES (50, 50, 2, '1983-04-19 17:31:44', '2021-06-12 11:57:26');
INSERT INTO `subscribes_list` (`subscribe_id`, `profile_id`, `subscribe_type`, `created_at`, `updated_at`) VALUES (51, 51, 3, '2016-09-07 08:22:21', '2021-06-12 11:57:26');
INSERT INTO `subscribes_list` (`subscribe_id`, `profile_id`, `subscribe_type`, `created_at`, `updated_at`) VALUES (52, 52, 4, '2007-11-04 15:55:37', '2021-06-12 11:57:26');
INSERT INTO `subscribes_list` (`subscribe_id`, `profile_id`, `subscribe_type`, `created_at`, `updated_at`) VALUES (53, 53, 1, '1995-01-04 07:26:32', '2021-06-12 11:57:26');
INSERT INTO `subscribes_list` (`subscribe_id`, `profile_id`, `subscribe_type`, `created_at`, `updated_at`) VALUES (54, 54, 2, '1971-11-07 20:39:42', '2021-06-12 11:57:26');
INSERT INTO `subscribes_list` (`subscribe_id`, `profile_id`, `subscribe_type`, `created_at`, `updated_at`) VALUES (55, 55, 3, '2005-09-25 00:41:46', '2021-06-12 11:57:26');
INSERT INTO `subscribes_list` (`subscribe_id`, `profile_id`, `subscribe_type`, `created_at`, `updated_at`) VALUES (56, 56, 4, '1985-09-09 15:29:06', '2021-06-12 11:57:26');
INSERT INTO `subscribes_list` (`subscribe_id`, `profile_id`, `subscribe_type`, `created_at`, `updated_at`) VALUES (57, 57, 1, '1970-06-24 21:49:51', '2021-06-12 11:57:26');
INSERT INTO `subscribes_list` (`subscribe_id`, `profile_id`, `subscribe_type`, `created_at`, `updated_at`) VALUES (58, 58, 2, '1992-02-06 02:31:49', '2021-06-12 11:57:26');
INSERT INTO `subscribes_list` (`subscribe_id`, `profile_id`, `subscribe_type`, `created_at`, `updated_at`) VALUES (59, 59, 3, '1993-04-30 05:41:52', '2021-06-12 11:57:26');
INSERT INTO `subscribes_list` (`subscribe_id`, `profile_id`, `subscribe_type`, `created_at`, `updated_at`) VALUES (60, 60, 4, '1974-03-05 12:09:33', '2021-06-12 11:57:26');
INSERT INTO `subscribes_list` (`subscribe_id`, `profile_id`, `subscribe_type`, `created_at`, `updated_at`) VALUES (61, 61, 1, '1996-01-13 14:24:53', '2021-06-12 11:57:26');
INSERT INTO `subscribes_list` (`subscribe_id`, `profile_id`, `subscribe_type`, `created_at`, `updated_at`) VALUES (62, 62, 2, '1998-11-25 19:21:55', '2021-06-12 11:57:26');
INSERT INTO `subscribes_list` (`subscribe_id`, `profile_id`, `subscribe_type`, `created_at`, `updated_at`) VALUES (63, 63, 3, '2011-11-05 13:45:48', '2021-06-12 11:57:26');
INSERT INTO `subscribes_list` (`subscribe_id`, `profile_id`, `subscribe_type`, `created_at`, `updated_at`) VALUES (64, 64, 4, '2006-09-04 19:58:54', '2021-06-12 11:57:26');
INSERT INTO `subscribes_list` (`subscribe_id`, `profile_id`, `subscribe_type`, `created_at`, `updated_at`) VALUES (65, 65, 1, '2011-01-14 04:18:49', '2021-06-12 11:57:26');
INSERT INTO `subscribes_list` (`subscribe_id`, `profile_id`, `subscribe_type`, `created_at`, `updated_at`) VALUES (66, 66, 2, '1994-09-26 16:16:46', '2021-06-12 11:57:26');
INSERT INTO `subscribes_list` (`subscribe_id`, `profile_id`, `subscribe_type`, `created_at`, `updated_at`) VALUES (67, 67, 3, '1998-06-17 16:23:53', '2021-06-12 11:57:26');
INSERT INTO `subscribes_list` (`subscribe_id`, `profile_id`, `subscribe_type`, `created_at`, `updated_at`) VALUES (68, 68, 4, '1985-06-18 05:01:45', '2021-06-12 11:57:26');
INSERT INTO `subscribes_list` (`subscribe_id`, `profile_id`, `subscribe_type`, `created_at`, `updated_at`) VALUES (69, 69, 1, '1977-09-27 08:28:04', '2021-06-12 11:57:26');
INSERT INTO `subscribes_list` (`subscribe_id`, `profile_id`, `subscribe_type`, `created_at`, `updated_at`) VALUES (70, 70, 2, '2011-12-19 15:11:26', '2021-06-12 11:57:26');
INSERT INTO `subscribes_list` (`subscribe_id`, `profile_id`, `subscribe_type`, `created_at`, `updated_at`) VALUES (71, 71, 3, '2015-06-16 07:04:34', '2021-06-12 11:57:26');
INSERT INTO `subscribes_list` (`subscribe_id`, `profile_id`, `subscribe_type`, `created_at`, `updated_at`) VALUES (72, 72, 4, '2019-12-01 03:45:30', '2021-06-12 11:57:26');
INSERT INTO `subscribes_list` (`subscribe_id`, `profile_id`, `subscribe_type`, `created_at`, `updated_at`) VALUES (73, 73, 1, '1996-11-23 06:18:36', '2021-06-12 11:57:26');
INSERT INTO `subscribes_list` (`subscribe_id`, `profile_id`, `subscribe_type`, `created_at`, `updated_at`) VALUES (74, 74, 2, '2019-08-15 15:58:08', '2021-06-12 11:57:26');
INSERT INTO `subscribes_list` (`subscribe_id`, `profile_id`, `subscribe_type`, `created_at`, `updated_at`) VALUES (75, 75, 3, '1977-06-16 01:23:41', '2021-06-12 11:57:26');
INSERT INTO `subscribes_list` (`subscribe_id`, `profile_id`, `subscribe_type`, `created_at`, `updated_at`) VALUES (76, 76, 4, '1987-04-05 21:26:55', '2021-06-12 11:57:26');
INSERT INTO `subscribes_list` (`subscribe_id`, `profile_id`, `subscribe_type`, `created_at`, `updated_at`) VALUES (77, 77, 1, '2009-03-17 19:17:01', '2021-06-12 11:57:26');
INSERT INTO `subscribes_list` (`subscribe_id`, `profile_id`, `subscribe_type`, `created_at`, `updated_at`) VALUES (78, 78, 2, '1999-01-12 11:07:16', '2021-06-12 11:57:26');
INSERT INTO `subscribes_list` (`subscribe_id`, `profile_id`, `subscribe_type`, `created_at`, `updated_at`) VALUES (79, 79, 3, '2014-12-25 12:30:58', '2021-06-12 11:57:26');
INSERT INTO `subscribes_list` (`subscribe_id`, `profile_id`, `subscribe_type`, `created_at`, `updated_at`) VALUES (80, 80, 4, '2012-12-06 23:55:43', '2021-06-12 11:57:26');
INSERT INTO `subscribes_list` (`subscribe_id`, `profile_id`, `subscribe_type`, `created_at`, `updated_at`) VALUES (81, 81, 1, '2015-09-05 09:20:41', '2021-06-12 11:57:26');
INSERT INTO `subscribes_list` (`subscribe_id`, `profile_id`, `subscribe_type`, `created_at`, `updated_at`) VALUES (82, 82, 2, '2015-11-26 06:42:35', '2021-06-12 11:57:26');
INSERT INTO `subscribes_list` (`subscribe_id`, `profile_id`, `subscribe_type`, `created_at`, `updated_at`) VALUES (83, 83, 3, '2017-03-31 04:29:49', '2021-06-12 11:57:26');
INSERT INTO `subscribes_list` (`subscribe_id`, `profile_id`, `subscribe_type`, `created_at`, `updated_at`) VALUES (84, 84, 4, '1998-08-04 11:02:13', '2021-06-12 11:57:26');
INSERT INTO `subscribes_list` (`subscribe_id`, `profile_id`, `subscribe_type`, `created_at`, `updated_at`) VALUES (85, 85, 1, '1989-09-19 12:53:44', '2021-06-12 11:57:26');
INSERT INTO `subscribes_list` (`subscribe_id`, `profile_id`, `subscribe_type`, `created_at`, `updated_at`) VALUES (86, 86, 2, '1978-09-27 07:34:08', '2021-06-12 11:57:26');
INSERT INTO `subscribes_list` (`subscribe_id`, `profile_id`, `subscribe_type`, `created_at`, `updated_at`) VALUES (87, 87, 3, '2014-01-27 12:25:21', '2021-06-12 11:57:26');
INSERT INTO `subscribes_list` (`subscribe_id`, `profile_id`, `subscribe_type`, `created_at`, `updated_at`) VALUES (88, 88, 4, '1974-12-27 18:16:13', '2021-06-12 11:57:26');
INSERT INTO `subscribes_list` (`subscribe_id`, `profile_id`, `subscribe_type`, `created_at`, `updated_at`) VALUES (89, 89, 1, '1992-03-12 02:20:11', '2021-06-12 11:57:26');
INSERT INTO `subscribes_list` (`subscribe_id`, `profile_id`, `subscribe_type`, `created_at`, `updated_at`) VALUES (90, 90, 2, '2015-04-15 06:31:23', '2021-06-12 11:57:26');
INSERT INTO `subscribes_list` (`subscribe_id`, `profile_id`, `subscribe_type`, `created_at`, `updated_at`) VALUES (91, 91, 3, '1974-10-23 17:10:25', '2021-06-12 11:57:26');
INSERT INTO `subscribes_list` (`subscribe_id`, `profile_id`, `subscribe_type`, `created_at`, `updated_at`) VALUES (92, 92, 4, '1993-12-14 06:50:48', '2021-06-12 11:57:26');
INSERT INTO `subscribes_list` (`subscribe_id`, `profile_id`, `subscribe_type`, `created_at`, `updated_at`) VALUES (93, 93, 1, '2004-03-16 20:09:32', '2021-06-12 11:57:26');
INSERT INTO `subscribes_list` (`subscribe_id`, `profile_id`, `subscribe_type`, `created_at`, `updated_at`) VALUES (94, 94, 2, '1988-11-05 06:18:24', '2021-06-12 11:57:26');
INSERT INTO `subscribes_list` (`subscribe_id`, `profile_id`, `subscribe_type`, `created_at`, `updated_at`) VALUES (95, 95, 3, '1983-08-16 05:23:33', '2021-06-12 11:57:26');
INSERT INTO `subscribes_list` (`subscribe_id`, `profile_id`, `subscribe_type`, `created_at`, `updated_at`) VALUES (96, 96, 4, '2001-10-21 11:49:52', '2021-06-12 11:57:26');
INSERT INTO `subscribes_list` (`subscribe_id`, `profile_id`, `subscribe_type`, `created_at`, `updated_at`) VALUES (97, 97, 1, '1997-11-07 22:41:56', '2021-06-12 11:57:26');
INSERT INTO `subscribes_list` (`subscribe_id`, `profile_id`, `subscribe_type`, `created_at`, `updated_at`) VALUES (98, 98, 2, '1985-07-22 19:00:14', '2021-06-12 11:57:26');
INSERT INTO `subscribes_list` (`subscribe_id`, `profile_id`, `subscribe_type`, `created_at`, `updated_at`) VALUES (99, 99, 3, '2011-05-20 09:13:52', '2021-06-12 11:57:26');
INSERT INTO `subscribes_list` (`subscribe_id`, `profile_id`, `subscribe_type`, `created_at`, `updated_at`) VALUES (100, 100, 4, '2008-04-20 11:55:54', '2021-06-12 11:57:26');
INSERT INTO `subscribes_list` (`subscribe_id`, `profile_id`, `subscribe_type`, `created_at`, `updated_at`) VALUES (101, 101, 1, '1997-11-04 19:46:29', '2021-06-12 11:57:26');
INSERT INTO `subscribes_list` (`subscribe_id`, `profile_id`, `subscribe_type`, `created_at`, `updated_at`) VALUES (102, 102, 2, '1998-02-05 06:47:07', '2021-06-12 11:57:26');
INSERT INTO `subscribes_list` (`subscribe_id`, `profile_id`, `subscribe_type`, `created_at`, `updated_at`) VALUES (103, 103, 3, '2019-08-18 15:52:10', '2021-06-12 11:57:26');
INSERT INTO `subscribes_list` (`subscribe_id`, `profile_id`, `subscribe_type`, `created_at`, `updated_at`) VALUES (104, 104, 4, '1991-06-22 18:59:02', '2021-06-12 11:57:26');
INSERT INTO `subscribes_list` (`subscribe_id`, `profile_id`, `subscribe_type`, `created_at`, `updated_at`) VALUES (105, 105, 1, '2000-10-22 10:17:59', '2021-06-12 11:57:26');
INSERT INTO `subscribes_list` (`subscribe_id`, `profile_id`, `subscribe_type`, `created_at`, `updated_at`) VALUES (106, 106, 2, '1983-12-16 09:21:49', '2021-06-12 11:57:26');
INSERT INTO `subscribes_list` (`subscribe_id`, `profile_id`, `subscribe_type`, `created_at`, `updated_at`) VALUES (107, 107, 3, '2004-10-02 04:45:10', '2021-06-12 11:57:26');
INSERT INTO `subscribes_list` (`subscribe_id`, `profile_id`, `subscribe_type`, `created_at`, `updated_at`) VALUES (108, 108, 4, '1999-11-21 12:04:26', '2021-06-12 11:57:26');
INSERT INTO `subscribes_list` (`subscribe_id`, `profile_id`, `subscribe_type`, `created_at`, `updated_at`) VALUES (109, 109, 1, '2007-07-22 02:37:26', '2021-06-12 11:57:26');
INSERT INTO `subscribes_list` (`subscribe_id`, `profile_id`, `subscribe_type`, `created_at`, `updated_at`) VALUES (110, 110, 2, '1991-08-15 07:41:28', '2021-06-12 11:57:26');
INSERT INTO `subscribes_list` (`subscribe_id`, `profile_id`, `subscribe_type`, `created_at`, `updated_at`) VALUES (111, 111, 3, '2020-07-17 20:07:27', '2021-06-12 11:57:26');
INSERT INTO `subscribes_list` (`subscribe_id`, `profile_id`, `subscribe_type`, `created_at`, `updated_at`) VALUES (112, 112, 4, '1990-08-21 06:56:24', '2021-06-12 11:57:26');
INSERT INTO `subscribes_list` (`subscribe_id`, `profile_id`, `subscribe_type`, `created_at`, `updated_at`) VALUES (113, 113, 1, '2001-08-04 11:46:55', '2021-06-12 11:57:26');
INSERT INTO `subscribes_list` (`subscribe_id`, `profile_id`, `subscribe_type`, `created_at`, `updated_at`) VALUES (114, 114, 2, '2002-02-21 14:57:49', '2021-06-12 11:57:26');
INSERT INTO `subscribes_list` (`subscribe_id`, `profile_id`, `subscribe_type`, `created_at`, `updated_at`) VALUES (115, 115, 3, '2005-02-22 21:02:24', '2021-06-12 11:57:26');
INSERT INTO `subscribes_list` (`subscribe_id`, `profile_id`, `subscribe_type`, `created_at`, `updated_at`) VALUES (116, 116, 4, '1997-03-30 07:35:32', '2021-06-12 11:57:26');
INSERT INTO `subscribes_list` (`subscribe_id`, `profile_id`, `subscribe_type`, `created_at`, `updated_at`) VALUES (117, 117, 1, '1981-08-15 03:25:06', '2021-06-12 11:57:26');
INSERT INTO `subscribes_list` (`subscribe_id`, `profile_id`, `subscribe_type`, `created_at`, `updated_at`) VALUES (118, 118, 2, '1997-04-25 13:26:11', '2021-06-12 11:57:26');
INSERT INTO `subscribes_list` (`subscribe_id`, `profile_id`, `subscribe_type`, `created_at`, `updated_at`) VALUES (119, 119, 3, '2020-09-01 08:44:33', '2021-06-12 11:57:26');
INSERT INTO `subscribes_list` (`subscribe_id`, `profile_id`, `subscribe_type`, `created_at`, `updated_at`) VALUES (120, 120, 4, '1976-09-19 21:50:22', '2021-06-12 11:57:26');
INSERT INTO `subscribes_list` (`subscribe_id`, `profile_id`, `subscribe_type`, `created_at`, `updated_at`) VALUES (121, 121, 1, '2013-07-11 05:31:03', '2021-06-12 11:57:26');
INSERT INTO `subscribes_list` (`subscribe_id`, `profile_id`, `subscribe_type`, `created_at`, `updated_at`) VALUES (122, 122, 2, '2000-12-10 21:35:09', '2021-06-12 11:57:26');
INSERT INTO `subscribes_list` (`subscribe_id`, `profile_id`, `subscribe_type`, `created_at`, `updated_at`) VALUES (123, 123, 3, '1991-10-03 06:10:36', '2021-06-12 11:57:26');
INSERT INTO `subscribes_list` (`subscribe_id`, `profile_id`, `subscribe_type`, `created_at`, `updated_at`) VALUES (124, 124, 4, '1998-01-26 14:58:33', '2021-06-12 11:57:26');
INSERT INTO `subscribes_list` (`subscribe_id`, `profile_id`, `subscribe_type`, `created_at`, `updated_at`) VALUES (125, 125, 1, '1995-06-21 19:49:39', '2021-06-12 11:57:26');
INSERT INTO `subscribes_list` (`subscribe_id`, `profile_id`, `subscribe_type`, `created_at`, `updated_at`) VALUES (126, 126, 2, '2005-10-01 03:27:19', '2021-06-12 11:57:26');
INSERT INTO `subscribes_list` (`subscribe_id`, `profile_id`, `subscribe_type`, `created_at`, `updated_at`) VALUES (127, 127, 3, '1973-03-23 15:27:37', '2021-06-12 11:57:26');
INSERT INTO `subscribes_list` (`subscribe_id`, `profile_id`, `subscribe_type`, `created_at`, `updated_at`) VALUES (128, 128, 4, '2000-06-22 05:05:26', '2021-06-12 11:57:26');
INSERT INTO `subscribes_list` (`subscribe_id`, `profile_id`, `subscribe_type`, `created_at`, `updated_at`) VALUES (129, 129, 1, '2002-12-03 20:36:03', '2021-06-12 11:57:26');
INSERT INTO `subscribes_list` (`subscribe_id`, `profile_id`, `subscribe_type`, `created_at`, `updated_at`) VALUES (130, 130, 2, '1994-11-05 18:40:13', '2021-06-12 11:57:26');

UPDATE `actors`
SET `gender`=(CASE CEIL(RAND()*2)
              WHEN 1 THEN 'm'
              WHEN 2 THEN 'f'
          END);
         
UPDATE `directors`
SET `gender`=(CASE CEIL(RAND()*2)
              WHEN 1 THEN 'm'
              WHEN 2 THEN 'f'
          END);

UPDATE `users`
SET `gender`=(CASE CEIL(RAND()*2)
              WHEN 1 THEN 'm'
              WHEN 2 THEN 'f'
          END);
         
UPDATE movies
INNER JOIN actors ON movies.id = actors.id
SET movies.actors_id = actors.id
WHERE actors.movies_id = movies.id;

UPDATE movies
INNER JOIN directors ON movies.id = directors.id
SET movies.directors_id = directors.id
WHERE directors.movies_id = movies.id;

UPDATE serials 
INNER JOIN actors ON serials.id = actors.id
SET serials.actors_id = actors.id
WHERE actors.serials_id = serials.id;

UPDATE serials
INNER JOIN directors ON serials.id = directors.id
SET serials.directors_id = directors.id
WHERE directors.serials_id = serials.id;

UPDATE profiles
INNER JOIN subscribes_list ON profiles.id = subscribes_list.profile_id
SET profiles.subscribe_id = subscribes_list.subscribe_id
WHERE subscribes_list.profile_id = profiles.id;

